-- phpMyAdmin SQL Dump
-- version 5.2.1
-- https://www.phpmyadmin.net/
--
-- Host: 127.0.0.1:3306
-- Generation Time: Jul 11, 2024 at 12:58 PM
-- Server version: 8.3.0
-- PHP Version: 8.2.18

SET SQL_MODE = "NO_AUTO_VALUE_ON_ZERO";
START TRANSACTION;
SET time_zone = "+00:00";


/*!40101 SET @OLD_CHARACTER_SET_CLIENT=@@CHARACTER_SET_CLIENT */;
/*!40101 SET @OLD_CHARACTER_SET_RESULTS=@@CHARACTER_SET_RESULTS */;
/*!40101 SET @OLD_COLLATION_CONNECTION=@@COLLATION_CONNECTION */;
/*!40101 SET NAMES utf8mb4 */;

--
-- Database: `servicesphere`
--

-- --------------------------------------------------------

--
-- Table structure for table `admin_login`
--

DROP TABLE IF EXISTS `admin_login`;
CREATE TABLE IF NOT EXISTS `admin_login` (
  `admin_id` int NOT NULL AUTO_INCREMENT,
  `admin_name` varchar(100) COLLATE utf8mb4_general_ci NOT NULL,
  `password` varchar(100) COLLATE utf8mb4_general_ci NOT NULL,
  PRIMARY KEY (`admin_id`)
) ENGINE=InnoDB AUTO_INCREMENT=3 DEFAULT CHARSET=utf8mb4 COLLATE=utf8mb4_general_ci;

--
-- Dumping data for table `admin_login`
--

INSERT INTO `admin_login` (`admin_id`, `admin_name`, `password`) VALUES
(1, 'manasa', '12345'),
(2, 'admin', 'admin');

-- --------------------------------------------------------

--
-- Table structure for table `categories`
--

DROP TABLE IF EXISTS `categories`;
CREATE TABLE IF NOT EXISTS `categories` (
  `category_id` int NOT NULL AUTO_INCREMENT,
  `category_name` varchar(30) NOT NULL,
  `images` varchar(30) NOT NULL,
  PRIMARY KEY (`category_id`),
  UNIQUE KEY `category_name` (`category_name`)
) ENGINE=InnoDB AUTO_INCREMENT=12 DEFAULT CHARSET=utf8mb4 COLLATE=utf8mb4_general_ci;

--
-- Dumping data for table `categories`
--

INSERT INTO `categories` (`category_id`, `category_name`, `images`) VALUES
(1, 'Schools', 'images/schools.jpg'),
(2, 'Hospitals', 'images/hospital.jpg'),
(3, 'Banks', 'images/bank.jpg'),
(4, 'Theatres', 'images/theatres.jpg'),
(5, 'Electronic Showrooms', 'images/electronic1.jpg'),
(6, 'Medical Stores', 'images/medical1.jpg'),
(8, 'Tourist Places', 'images/tourist.jpg'),
(9, 'Petrol Bunks', 'images/petrol.jpg'),
(11, 'Super Markets', 'images/market.jpg');

-- --------------------------------------------------------

--
-- Table structure for table `district`
--

DROP TABLE IF EXISTS `district`;
CREATE TABLE IF NOT EXISTS `district` (
  `district_id` int NOT NULL AUTO_INCREMENT,
  `district_name` varchar(30) NOT NULL,
  PRIMARY KEY (`district_id`),
  UNIQUE KEY `district_id` (`district_id`),
  UNIQUE KEY `district_id_2` (`district_id`),
  UNIQUE KEY `district_id_3` (`district_id`),
  UNIQUE KEY `district_name` (`district_name`)
) ENGINE=InnoDB AUTO_INCREMENT=4 DEFAULT CHARSET=utf8mb4 COLLATE=utf8mb4_general_ci;

--
-- Dumping data for table `district`
--

INSERT INTO `district` (`district_id`, `district_name`) VALUES
(1, 'Uttara Kannada'),
(2, 'Dakshina Kannada'),
(3, 'Udupi');

-- --------------------------------------------------------

--
-- Table structure for table `donation`
--

DROP TABLE IF EXISTS `donation`;
CREATE TABLE IF NOT EXISTS `donation` (
  `id` int NOT NULL AUTO_INCREMENT,
  `name` varchar(60) NOT NULL,
  `email` varchar(60) NOT NULL,
  `address` varchar(60) NOT NULL,
  `mobile` bigint NOT NULL,
  `amount` bigint NOT NULL,
  `description` varchar(200) CHARACTER SET utf8mb4 COLLATE utf8mb4_general_ci NOT NULL,
  PRIMARY KEY (`id`)
) ENGINE=InnoDB AUTO_INCREMENT=3 DEFAULT CHARSET=utf8mb4 COLLATE=utf8mb4_general_ci;

--
-- Dumping data for table `donation`
--

INSERT INTO `donation` (`id`, `name`, `email`, `address`, `mobile`, `amount`, `description`) VALUES
(2, 'oiu', 'sdfghjk@gmaol.com', 'ghf', 45678987654, 122, 'as');

-- --------------------------------------------------------

--
-- Table structure for table `feedback`
--

DROP TABLE IF EXISTS `feedback`;
CREATE TABLE IF NOT EXISTS `feedback` (
  `id` int NOT NULL AUTO_INCREMENT,
  `name` varchar(250) COLLATE utf8mb4_general_ci NOT NULL,
  `email` varchar(250) COLLATE utf8mb4_general_ci NOT NULL,
  `description` varchar(500) COLLATE utf8mb4_general_ci NOT NULL,
  PRIMARY KEY (`id`)
) ENGINE=InnoDB AUTO_INCREMENT=19 DEFAULT CHARSET=utf8mb4 COLLATE=utf8mb4_general_ci;

--
-- Dumping data for table `feedback`
--

INSERT INTO `feedback` (`id`, `name`, `email`, `description`) VALUES
(2, 'manasa', 'manasan769@gmail.com', 'fdsf'),
(3, 'xyz', 'xyz@gmail.com', 'qwesdfghjhgfd'),
(4, 'abc', 'abc@gmail.com', 'wertyuijhgfdsasdfghm'),
(7, 'aqsd', 'manasan769@gmail.com', 'qwertyuioofds'),
(10, 'oiu', 'sdfghjk@gmaol.com', 'asdf'),
(11, 'oiu', 'sdfghjk@gmaol.com', 'qwert'),
(12, 'oiu', 'sdfghjk@gmaol.com', 'aa'),
(13, 'oiu', 'sdfghjk@gmaol.com', 'wer'),
(14, 'oiu', 'sdfghjk@gmaol.com', 'sdf'),
(15, 'oiu', 'sdfghjk@gmaol.com', 'sdf'),
(16, 'manasa', 'manasan769@gmail.com', 'dfgnm'),
(17, 'manasa', 'manasan769@gmail.com', 'dfgnm'),
(18, 'manasa', 'manasan769@gmail.com', 'sdcx');

-- --------------------------------------------------------

--
-- Table structure for table `services`
--

DROP TABLE IF EXISTS `services`;
CREATE TABLE IF NOT EXISTS `services` (
  `id` int NOT NULL AUTO_INCREMENT,
  `category_id` int NOT NULL,
  `district_id` int NOT NULL,
  `taluk_id` int NOT NULL,
  `name` varchar(250) NOT NULL,
  `address` varchar(250) NOT NULL,
  `mobile` bigint NOT NULL,
  `email` varchar(250) NOT NULL,
  `location` varchar(250) NOT NULL,
  PRIMARY KEY (`id`)
) ENGINE=InnoDB AUTO_INCREMENT=608 DEFAULT CHARSET=utf8mb4 COLLATE=utf8mb4_general_ci;

--
-- Dumping data for table `services`
--

INSERT INTO `services` (`id`, `category_id`, `district_id`, `taluk_id`, `name`, `address`, `mobile`, `email`, `location`) VALUES
(1, 1, 1, 2, 'Ankola High School', 'Ankola High School,Ankola,Uttara Kannada,Karnataka,581314', 8388230450, 'ankolahigh@gmail.com', 'https://maps.app.goo.gl/7GKyvwd6dexctT777'),
(3, 1, 1, 2, 'Govt. Primary School', ' : Govt. Primary School, Main Road, Ankola, Uttara Kannada, Karnataka, 581314', 8388232345, 'govtprimary@gmail.com', 'https://maps.app.goo.gl/tGxjUUaEnDvV2T7u8'),
(4, 1, 1, 2, ' Vidya Bharati School', 'Vidya Bharati School, NH-66, Ankola, Uttara Kannada, Karnataka, 581314', 8388236789, 'vidyabharati@gmail.com', 'https://maps.app.goo.gl/raHMYf86nyptcHg6A'),
(5, 1, 1, 2, 'Sri Vani School', 'Sri Vani School, Station Road, Ankola, Uttara Kannada, Karnataka, 581314', 8388238765, 'srivanischool@gmail.com', 'https://maps.app.goo.gl/YMhhx7udeFmEq6J2A'),
(6, 1, 1, 5, 'New English School Bhatkal', 'New English School, Bhatkal, Uttara Kannada, Karnataka, 581320', 8385221234, 'newenglishbhatkal@gmail.com', 'https://maps.app.goo.gl/bLX5tGen6GMouSbZA'),
(7, 1, 1, 5, 'Anjuman High School', 'Anjuman High School, Main Road, Bhatkal, Uttara Kannada, Karnataka, 581320', 8385223456, 'anjumanhigh@gmail.com', 'https://maps.app.goo.gl/yEApdkMxwhPG1P8A7'),
(8, 1, 1, 5, 'Green Valley School', 'Green Valley School, NH-66, Bhatkal, Uttara Kannada, Karnataka, 581320', 8385225678, 'greenvalleybhatkal@gmail.com', 'https://maps.app.goo.gl/8WDZ7WzzB9jVUwBR9'),
(9, 1, 1, 5, 'Navayuga English Medium School', 'Navayuga English Medium School, Near Railway Station, Bhatkal, Uttara Kannada, Karnataka, 581320', 8385227890, 'navayugaenglish@gmail.com', 'https://maps.app.goo.gl/rHJJnTm1jMb1kdDd7'),
(10, 1, 1, 5, 'Saraswati Vidyalaya', 'Saraswati Vidyalaya, Market Road, Bhatkal, Uttara Kannada, Karnataka, 581320', 8385229012, 'saraswatibhatkal@gmail.com', 'https://maps.app.goo.gl/XEfRYANcdNg3ZvxH9'),
(11, 1, 1, 10, 'Haliyal High School', 'Haliyal High School, Haliyal, Uttara Kannada, Karnataka, 581329', 8384230123, 'haliyalhigh@gmail.com', 'https://maps.app.goo.gl/Fvh4f63KaBc9Dmj46'),
(12, 1, 1, 10, 'Govt. Primary School', 'Govt. Primary School, Main Road, Haliyal, Uttara Kannada, Karnataka, 581329', 8384232345, 'govtprimaryhaliyal@gmail.com', 'https://maps.app.goo.gl/DEZeagCVCmfmUkvY7'),
(13, 1, 1, 10, 'New Horizon School', ' New Horizon School, NH-63, Haliyal, Uttara Kannada, Karnataka, 581329', 8384236789, 'newhorizonschool@gmail.com', 'https://maps.app.goo.gl/Nih57cNthAe9rqLfA'),
(14, 1, 1, 10, 'Sri Chaitanya School', 'Sri Chaitanya School, Station Road, Haliyal, Uttara Kannada, Karnataka, 581329', 8384238765, 'srichaitanyaschool@gmail.com', 'https://maps.app.goo.gl/d4Nr6NUYJmJHg2UNA'),
(15, 1, 2, 18, 'Akshara Bharathi Vidyalaya ', 'Ajjibettu, BantwalDakshina Kannada, Karnataka', 9835673780, 'aksharabv@gmail.com', 'https://maps.app.goo.gl/vFprx24HzJ5XC7cEA'),
(16, 1, 2, 18, 'Jawahar Navodaya Vidyalaya', ' Mudipu, Kurnad Post, Bantwal Taluk - 574153', 8255261300, 'jnvmangalore@gmail.com', 'https://maps.app.goo.gl/f8KviUi76r8Wb2Uh9'),
(17, 1, 2, 13, 'Kendriya Vidyalaya', 'NH 66, Panambur, Mangalore - 575010\r\n', 8242210734, 'kvmangalore@gmail.com', 'https://maps.app.goo.gl/79eKC5TWpPQ9KCLT9'),
(18, 1, 2, 13, 'St. Aloysius High School', 'Lighthouse Hill Road, Mangalore - 575003', 8242421590, 'staloysius@gmail.com', 'https://maps.app.goo.gl/v9ba7uSq8Mvx1kE9A'),
(19, 1, 2, 13, 'Canara High School', 'Dongerkery, Mangalore - 575003', 8242422472, 'canarahs@gmail.com', 'https://maps.app.goo.gl/mxcjN5r4zhx89KRj9'),
(20, 1, 2, 13, 'Lourdes Central School', 'Bejai, Mangalore - 575004', 8242211253, 'lourdescentralschool@gmail.com', 'https://maps.app.goo.gl/sNR3XySmkMnX2sJN7'),
(21, 1, 2, 16, 'Government High School', 'Ujire, Belthangady - 574214', 8256231234, 'ghschoolbkd@gmail.com', 'https://maps.app.goo.gl/CnoKt8yLRKUXuFQJ7'),
(22, 1, 2, 15, 'Sri Ramakrishna High School', 'Darbe, Puttur - 574202', 8251234652, 'srrkhs.puttur@gmail.com', 'https://maps.app.goo.gl/RzRRpeoBDKxznhFU9'),
(23, 1, 2, 18, 'Government High School (RMSA)', 'Kalarakodi, Bantwala Taluk, Dakshina Kannada District 575018', 9845012345, 'ghs_bantwala@dk.gov.in', 'https://maps.app.goo.gl/cfYRyXbkVNScj1nD7'),
(24, 1, 2, 18, 'Shree Saraswathi Vidyalaya', 'Kanyana Grama & Post, Bantwala TQ, Dakshina Kannada District 575018', 9845023456, 'ssv_kanyana@dk.edu.in', 'https://maps.app.goo.gl/5YUY6JX2TDqC2zVDA'),
(25, 1, 2, 18, 'Darul Izza English Medium High School', 'Kadel, Bolangady, Pane Mangalore Post, Bantwala TQ, Dakshina Kannada 574231', 9845034567, 'darul_izza@dk.edu.in', 'https://maps.app.goo.gl/adx2A6huhccdZu1b7'),
(26, 1, 2, 18, 'Sharada Ganapathi Vidyakendra', 'Punyakotinagar, Kairangala Post & Village, Bantwala TQ, Dakshina Kannada 574153', 9845045678, 'sgv_kairangala@dk.edu.in', 'https://maps.app.goo.gl/W8gj7AvitLjwoEij9'),
(27, 1, 2, 18, 'St Patrick Un-Aided English High School', 'Siddakatte, Kukkepadi Grama, Siddakatte Post, Bantwala TQ, Dakshina Kannada 574237', 9845056789, 'spuhs_siddakatte@dk.edu.in', 'https://maps.app.goo.gl/Gq387C9wvyCdCged8'),
(28, 1, 2, 16, 'Govt High School (RMSA)', 'Venur, Belthangady Taluk, D.K. District 574242', 9845067890, 'ghs_venur@dk.gov.in', 'https://maps.app.goo.gl/Lmca3cYZoMWueNXcA'),
(29, 1, 2, 16, 'S D M Secondary School', 'Ujire, Belthangady Taluk, D.K. District 574240', 9845078901, 'sdm_ujire@dk.edu.in', 'https://maps.app.goo.gl/htZ9P7c27Q6P1GGk8'),
(30, 1, 2, 16, 'Nirmala High School', 'Belthangady, D.K. District 574214', 9845089012, 'nirmala_belthangady@dk.edu.in', 'https://maps.app.goo.gl/URc7cU2doUjC7VvcA'),
(31, 1, 2, 16, 'St Joseph Higher Primary School', 'Kalmanja, Belthangady Taluk, D.K. District 574214', 9845090123, 'stjoseph_belthangady@dk.edu.in', 'https://maps.app.goo.gl/GgvAX489kTf2ZbGdA'),
(32, 1, 2, 16, 'Vani English Medium School', 'Laila, Belthangady Taluk, D.K. District 574214', 9845101234, 'vani_belthangady@dk.edu.in', 'https://maps.app.goo.gl/jp6D4bdT4Szu6zNq7'),
(33, 1, 2, 13, 'Rosario High School', 'Pandeshwar, Mangalore, D.K. District 575001', 9845145678, 'rosario_mangalore@dk.edu.in', 'https://maps.app.goo.gl/kVvNAMt2R2bhGpVS7'),
(34, 1, 2, 13, 'Milagres High School', 'Hampankatta, Mangalore, D.K. District 575001', 9845156789, 'milagres_mangalore@dk.edu.in', 'https://maps.app.goo.gl/2ceWtV9AVoTYVVbs8'),
(35, 1, 2, 15, 'Vivekananda English Medium School', 'Kempugudde, Puttur, DK District', 9876543215, 'vivekananda.puttur@gmail.com', 'https://maps.app.goo.gl/T3rFhZawghnDxUM3A'),
(36, 1, 2, 15, 'St. Philomena High School', 'Darbe, Puttur, DK District', 9876543216, 'stphilomena.puttur@gmail.com', 'https://maps.app.goo.gl/Fne2sNJ4CfrRx5hM9'),
(37, 1, 2, 15, 'Indraprastha Vidyalaya', 'Mura, Puttur, DK District', 9876543217, 'indraprastha.puttur@gmail.com', 'https://maps.app.goo.gl/p5zzZ8bGtM6SNz1d9'),
(38, 1, 2, 15, 'St. Victor High School', 'Padil, Puttur, DK District', 9876543219, 'stvictor.puttur@gmail.com', 'https://maps.app.goo.gl/6mg272VHFpEErqem6'),
(39, 1, 2, 14, 'KVG Public School', 'Kurunjibhag, Sullia, DK District', 9876543225, 'kvg.sullia@gmail.com', 'https://maps.app.goo.gl/JV8CFciF1mizukVMA'),
(40, 1, 2, 14, 'Nehrunagar High School', 'Nehrunagar, Sullia, DK District', 9876543226, 'nehrunagar.sullia@gmail.com', 'https://maps.app.goo.gl/dDLD2apAmWuJjLVD6'),
(41, 1, 2, 14, 'Shree Harsha High School', 'Madanthyar, Sullia, DK District', 9876543227, 'shreeharsha.sullia@gmail.com', 'https://maps.app.goo.gl/dDLD2apAmWuJjLVD6'),
(42, 1, 2, 14, 'Vivekananda Vidyalaya', 'Kalya, Sullia, DK District', 9876543228, 'vivekananda.sullia@gmail.com', 'https://maps.app.goo.gl/CfPWDvvw91ax5u4dA'),
(43, 1, 2, 14, 'Kumaraswamy High School', 'Bairikatte, Sullia, DK District', 9876543229, 'kumaraswamy.sullia@gmail.com', 'https://maps.app.goo.gl/mcDtKgudgFLqq54bA'),
(44, 1, 2, 17, 'Rotary English Medium School', 'Marpady, Moodbidri, DK District', 9876543236, 'rotary.moodbidri@gmail.com', 'https://maps.app.goo.gl/u3Pddkq7vCFPztW89'),
(45, 1, 2, 17, 'Nirmala High School', 'Alangar, Moodbidri, DK District', 9876543237, 'nirmala.moodbidri@gmail.com', 'https://maps.app.goo.gl/rEwgHT9Ustebyohf8'),
(46, 1, 2, 17, 'Sacred Heart School', 'Kulshekar, Moodbidri, DK District', 9876543238, 'sacredheart.moodbidri@gmail.com', 'https://maps.app.goo.gl/kk4VwQnGKBkCkGVh8'),
(47, 1, 2, 17, 'Vidya Jyothi High School', 'Hosmar, Moodbidri, DK District', 9876543239, 'vidyajyothi.moodbidri@gmail.com', 'https://maps.app.goo.gl/rEwgHT9Ustebyohf8'),
(48, 1, 2, 20, 'St. Sebastian High School', 'Thokkottu, Ullal, DK District', 9876543240, 'stsebastian.ullal@gmail.com', 'https://maps.app.goo.gl/pQ93EWB9niQEr2Ws5'),
(49, 1, 2, 20, 'Government High School', 'Ullal, DK District', 9876543242, 'govt.ullal@gmail.com', 'https://maps.app.goo.gl/cEpksVcXooPQjiY29'),
(50, 1, 2, 20, 'Nethaji High School', 'Konaje, Ullal, DK District', 9876543243, 'nethaji.ullal@gmail.com', 'https://maps.app.goo.gl/QZKaLy6Egdk7TbDr5'),
(51, 1, 2, 21, 'Sharada High School', 'Kadaba, DK District', 9876543301, 'sharada.kadaba@gmail.com', 'https://maps.app.goo.gl/UnaPrWrKBN1Q6Di97'),
(52, 1, 2, 21, 'Vivekananda English Medium School', 'Kalmanja, Kadaba, DK District', 9876543302, 'vivekananda.kadaba@gmail.com', 'https://maps.app.goo.gl/NSmLzcUZjqXw8zLa6'),
(53, 1, 2, 21, 'Nirmala English Medium School', 'Noojibalthila, Kadaba, DK District', 9876543304, 'nirmala.kadaba@gmail.com', 'https://maps.app.goo.gl/NMLJAJetqknL4Mvn9'),
(54, 1, 2, 21, 'Government High School', 'Kutrupady, Kadaba, DK District', 9876543305, 'govt.kadaba@gmail.com', 'https://maps.app.goo.gl/7frdpr3FTsM78WZv8'),
(55, 1, 2, 19, 'Bethany English Medium School', 'Haleyangadi, Mulki, DK District', 9876543405, 'bethany.mulki@gmail.com', 'https://maps.app.goo.gl/3i6Z9oqyrsTzvyjA6'),
(56, 1, 2, 19, 'Lourdes High School', 'Mulki, DK District', 9876543404, 'lourdes.mulki@gmail.com', 'https://maps.app.goo.gl/dDFwJCtTDcuQNVia9'),
(57, 1, 2, 19, 'Vidyadayini High School', 'Hejamadi, Mulki, DK District', 9876543403, 'vidyadayini.mulki@gmail.com', 'https://maps.app.goo.gl/XBaRYHLadLx8a8ip6'),
(58, 1, 2, 19, 'Little Flower High School', 'Kateel, Mulki, DK District', 9876543402, 'littleflower.mulki@gmail.com', 'https://maps.app.goo.gl/AeMz4qfrxoi5HfvAA'),
(59, 1, 3, 22, 'Vidyodaya Public School	', 'Udupi, Udupi Taluk, Udupi District		', 8202345678, 'vidyodaya.udupi@example.com', 'https://maps.app.goo.gl/TJ6kCjoyXgM1DK2y8'),
(60, 1, 3, 22, 'Little Rock Indian School	', 'Brahmavar, Udupi Taluk, Udupi District	', 8204567890, 'littlerock.brahmavar@example.com', 'https://maps.app.goo.gl/GpnxkfMSyQGZNxvx9'),
(61, 1, 3, 22, 'Madhava Kripa School		', 'Manipal, Udupi Taluk, Udupi District	', 8205678901, 'madhavakripa.manipal@example.com', 'https://maps.app.goo.gl/vfrCGSferswjoKuC8'),
(62, 1, 3, 23, 'Mahatma Gandhi Memorial School		', 'Karkala, Karkala Taluk, Udupi District', 8258123456, 'mgm.karkala@example.com', 'https://maps.app.goo.gl/TPnYFasKB2trxbF29'),
(63, 1, 3, 23, 'St. Lawrence English Medium School		', 'Moodubelle, Karkala Taluk, Udupi District', 8258234567, 'stlawrence.moodubelle@example.com', 'https://maps.app.goo.gl/TKVd6q4xjvEM6zLy5'),
(64, 1, 3, 23, 'Govt High School	', 'Belman, Karkala Taluk, Udupi District	', 8258345678, 'ghschool.belman@example.com', 'https://maps.app.goo.gl/KLVWbttNMinpQaDd9'),
(65, 1, 3, 23, 'Little Flower School		', 'Hirgan, Karkala Taluk, Udupi District	', 8258456789, 'littleflower.hirgan@example.com', 'https://maps.app.goo.gl/SqMpLrgvTQKnkk348'),
(66, 1, 3, 23, 'Jnanasudha English Medium School		', 'Kukkundoor, Karkala Taluk, Udupi District', 8258567890, 'jnanasudha.kukkundoor@example.com', 'https://maps.app.goo.gl/PGoQtd1wXfZBBM2y8'),
(67, 1, 3, 24, 'National Public School		', 'Kollur, Kundapura Taluk, Udupi District	', 8254234567, 'national.kollur@example.com', 'https://maps.app.goo.gl/kLbRuYeTE9CRE5Sf8'),
(68, 1, 3, 24, 'Govt High School	', 'Koteshwara, Kundapura Taluk, Udupi District	', 8254345678, 'ghschool.koteshwara@example.com', 'https://maps.app.goo.gl/crhz2aEGjtv1SasAA'),
(69, 1, 3, 24, 'Don Bosco English Medium School	', 'Kundapura, Kundapura Taluk, Udupi District', 8254456789, 'donbosco.kundapura@example.com', 'https://maps.app.goo.gl/ZkLN9CffoQfBrwK69'),
(70, 1, 3, 27, 'Sri Vishnumurthy High School	', 'Barkur, Brahmavar Taluk, Udupi District', 8202341234, 'svhschool.barkur@gmail.com', 'https://maps.app.goo.gl/gUHk3vMaj1LcGXt58'),
(71, 1, 3, 27, 'Mahatma Gandhi Memorial School', 'Brahmavar, Brahmavar Taluk, Udupi District', 8203452345, 'mgm.brahmavar@gmail.com', 'https://maps.app.goo.gl/7k7JGz4oHS5BhXr3A'),
(72, 1, 3, 27, 'St. Francis High School		', 'Brahmavar, Brahmavar Taluk, Udupi District	', 8204563456, 'stfrancis.brahmavar@gmail.com', 'https://maps.app.goo.gl/wUnHLXEouaTPAFU57'),
(73, 1, 3, 27, 'Govt High School	', 'Haradi, Brahmavar Taluk, Udupi District	', 8205674567, 'ghschool.haradi@gmail.com', 'https://maps.app.goo.gl/jwYzaqzygrGpLVwu6'),
(74, 1, 3, 27, 'Vidyavardhaka Sangha School			', 'Sasthan, Brahmavar Taluk, Udupi District', 8206785678, 'vvs.sasthan@gmail.com', 'https://maps.app.goo.gl/46V8bWoWRTVPM6e9A'),
(75, 1, 3, 25, 'Govt High School	', 'Hebri, Hebri Taluk, Udupi District	', 8258345678, 'ghschool.hebri@gmail.com', 'https://maps.app.goo.gl/dRMCcW35YgBmud9N8'),
(76, 1, 3, 25, 'National English Medium School	', 'Muniyalu, Hebri Taluk, Udupi District	', 8258456789, 'national.muniyalu@example.com', 'https://maps.app.goo.gl/oHjjxKTjk34FAuTS7'),
(77, 1, 3, 26, 'Govt High School	', 'Byndoor, Byndoor Taluk, Udupi District	', 8254234567, 'ghschool.byndoor@gmail.com', 'https://maps.app.goo.gl/UyUx7JGJuxtBR4p77'),
(78, 1, 3, 26, 'Little Flower School		', 'Baindur, Byndoor Taluk, Udupi District	', 8254345678, 'littleflowerbaindur@gmail.com', 'https://maps.app.goo.gl/edgdRXpopE6yuBbLA'),
(79, 1, 3, 26, 'National Public School	', 'Bijoor, Byndoor Taluk, Udupi District	', 8254456789, 'nationalbijoor@gmail.com', 'https://maps.app.goo.gl/14GvdtcpPGRXEUe59'),
(80, 1, 3, 26, 'Vivekananda High School	', 'Shiroor, Byndoor Taluk, Udupi District	', 8254567890, 'vivekananda.shiroor@gmail.com', 'https://maps.app.goo.gl/o7VohUfwGT6ErZ9TA'),
(81, 1, 3, 28, 'Little Flower English Medium School	', 'Shirva, Kaup Taluk, Udupi District	', 8203456789, 'littleflower.shirva@gmail.com', 'https://maps.app.goo.gl/Ne3HieuRZuPwEDg17'),
(82, 1, 3, 28, 'New English School	', 'Udyavara, Kaup Taluk, Udupi District	', 8204567890, 'newenglish.udyavara@gmail.com', 'https://maps.app.goo.gl/Db9vWUJkcxwPvEru8'),
(83, 11, 3, 28, 'More Supermarket', ' Main Road, next to Kaup Market, Kaup, Karnataka 574106', 8108138000, 'more23@gmail.com', 'https://maps.app.goo.gl/ZbjXBJbNpPp6htEr8'),
(84, 11, 2, 13, 'More Supermarket', ' near Misbah College, Naithangadi, Kammaradi Enclave, Katipalla, Mangaluru, Karnataka 575014', 8108138000, 'more123@gmail.com', 'https://maps.app.goo.gl/UTauGCZbwXkUfQVr6'),
(85, 11, 2, 13, 'More Supermarket', 'Green View Valley, KFC building, Manipal-Udupi Hwy, near Syndicate Circle, Lakshmindra Nagar, Manipal', 8108138000, 'more123@gmail.com', 'https://maps.app.goo.gl/UtfBZaxTiojppAMz8'),
(86, 11, 3, 22, 'Smart Bazaar', '8PJW+PV3 janardhana Tower, Court Rd, opposite TMA Pai Hospital, near Taluk Office, Jodukatte, Chitpady, Udupi, Karnataka 576101', 8382227755, 'stores.reliancesmartbazaar@gmail.com', 'https://maps.app.goo.gl/hyQ6y2vcZFVtH5CD9'),
(87, 11, 3, 22, 'Reliance Smart Superstore', 'City Centre Mall, Govind Ballabh Pant Rd, opposite Jamia Masjid, Thenkpete, Maruthi Veethika, Udupi, Karnataka 576101', 18008910001, 'reliancesupersmart@gmail.com', 'https://maps.app.goo.gl/JJeMkAyoQRDT36fMA'),
(88, 11, 3, 22, 'Reliance Smart Point', 'Archana Sovereign Commercial 77 12, Kunjibettu, Udupi, Karnataka 576102', 9879462024, 'Smartpoint@gmail.com', 'https://maps.app.goo.gl/21c6RUXcod7vcLMM9'),
(89, 11, 1, 6, 'Reliance Smart Bazaar', 'Ground Floor, Ananth Arcade, Road, Sirsi-Banavasi Rd, opp. Hotel Netravati, Banavasi, Sirsi, Karnataka 581402', 18008910001, 'smartbazzar12@gmail.com', 'https://maps.app.goo.gl/Uw1ThKjLD75zsLMt5'),
(90, 11, 1, 6, 'Reliance Smart Bazaar', 'Ananth Arcade, Sirsi-Banavasi Rd, opposite to Tukadar Krishna Hospital, Sirsi, Karnataka 581402', 18008910001, 'relianceretail@gmail.com', 'https://maps.app.goo.gl/8FgwXD8JrqgZ36RNA'),
(91, 11, 1, 1, 'Reliance Fresh', '33, MAIN ROAD, Sonarwada, Karwar, Karnataka 581301', 9845098450, 'reliancefresh@gmail.com', 'https://maps.app.goo.gl/LTSXKBtFCDfEdDUz6'),
(92, 11, 1, 3, 'Ganesh Supermarket', 'Main Road, Kumta', 8386223344, 'ganesh12@gmail.com', 'https://maps.app.goo.gl/aKZDtXEE7sR8PMGC9'),
(93, 11, 1, 3, 'Mahaveer Supermarket', ' Market Road, Kumta', 8386225566, 'mahaveer89@gmail.com', 'https://maps.app.goo.gl/FyDdsVWa6PkCbh81A'),
(94, 11, 1, 3, 'Vijaya Stores', 'Honmav Cross, Kumta, Karnataka 581343', 9279461086, 'vijayastore@gmail.com', 'https://maps.app.goo.gl/pte9FtyBevcvPojq8'),
(95, 11, 1, 6, 'Mahesh Supermarket', 'MG Road, Sirsi', 8384227788, 'maheshsm@gmail.com', 'https://maps.app.goo.gl/nTnk6V53A14yMJh47'),
(96, 11, 1, 6, 'TMS supermart', 'APMC, Sirsi, Karnataka 581401', 6932053100, 'tmssuper@gmail.com', 'https://maps.app.goo.gl/sKh9pQS9sb68KF437'),
(97, 11, 1, 6, 'TSS Supermarket', 'JRFR+3GF, APMC Rd, Market Yard, Sirsi, Karnataka 581402', 8384236217, 'tssmarket@gmail.com', 'https://maps.app.goo.gl/dXVyaupAN9i1k4PE8'),
(98, 11, 1, 6, 'Shree Ganesh Supermarket', 'Nehru Road, Sirsi ', 8384229900, 'shriganesh@gmail.com', 'https://maps.app.goo.gl/773x2zJCu56Ce1w5A'),
(99, 11, 1, 3, 'Sahakari Supermarket', 'Market Street, Ankola', 8389223344, 'sahakarimark@gmail.com', 'https://maps.app.goo.gl/SfTtQ77DjCRtoEeQA'),
(100, 11, 1, 2, 'Narasimha Big Bazaar Supermarket', 'M874+G5R, Ambarkodla Rd, Bole, Ankola, Karnataka 581314', 8388230204, 'narasimhabig@gmail.com', 'https://maps.app.goo.gl/SfTtQ77DjCRtoEeQA'),
(101, 11, 1, 2, 'AK Hyper Market', 'Bhendi Bazar, Ankola, Karnataka 581314', 7760429870, 'akhyper@gmail.com', 'https://maps.app.goo.gl/z67C7aGE4Kpc3cuz5'),
(102, 11, 1, 1, 'Mahalaxmi Super Market', 'Main Road, Kajubagh, Karwar, Karnataka 581301', 7887654309, 'mahalaxmi78@gmail.com', 'https://maps.app.goo.gl/HmrsZ485Red1HnEx7'),
(103, 11, 1, 5, 'Gopalan Supermarket', 'NH 66, Bhatkal', 8385226688, 'gopalansuper@gmail.com', 'https://maps.app.goo.gl/Prf7xD7cJ5DQsMHv5'),
(104, 11, 1, 5, 'ANFAL HYPER MARKET', '2G3R+449, NH 66, Nawayath Colony, Bhatkal, Karnataka 581320', 8385222402, 'anfalhyper@gmail.com', 'https://maps.app.goo.gl/Prf7xD7cJ5DQsMHv5'),
(105, 11, 1, 5, 'Ajmal Mart( ANFAL Super Market)', 'Alwa St, Soosgadi, Bhatkal, Karnataka 581320', 9823901545, 'ajmalmart2@gmail.com', 'https://maps.app.goo.gl/MExrXjwtozCVMfGq5'),
(106, 11, 1, 5, 'Star Mart Super Market', 'XGRW+PRV, Bunder Rd 3rd Cross, Belalkanda, Bhatkal, Karnataka 581320', 9886612378, 'startmart@gmail.com', 'https://maps.app.goo.gl/Ai9ZNf7MdEpfAjmu5'),
(107, 11, 1, 5, 'Thaseen Supermarket', 'XHP4+M29, Downtown Rd, Soosgadi, Bhatkal, Karnataka 581320', 8385227467, 'thaseensp@gmail.com', 'https://maps.app.goo.gl/RoKuy1mHPzRdUgzo8'),
(108, 11, 1, 4, 'ARM Supermarket', 'Bus Stand Rd, Honnavar, Karnataka 581334', 8794873980, 'armsuper23@gmail.com', 'https://maps.app.goo.gl/63TXfaXpzJSQiqdZA'),
(109, 11, 1, 4, 'Brindavana super market', '7CJX+39X, Bazar Road, Honnavar, Karnataka 581334', 8973001397, 'brindavanasuper@gmail.com', 'https://maps.app.goo.gl/T5vtDonjW86egeKu5'),
(110, 11, 1, 4, 'M R Naik Super Market', '7CQP+MVG, Bandehalla Rd, Shanti Nagar, Honnavar, Karnataka 581341', 8730026218, 'mrnaik86@gmail.com', 'https://maps.app.goo.gl/ZbLS4Me19CZ8q3636'),
(111, 11, 1, 4, 'AMG SUPER MARKET', 'Next PLD Bank, 43 Manki Mavinakatta Honnavar Near NH 66, Main Road, Bhatkal, Karnataka 581342', 7483264622, 'amgsuper@gmail.com', 'https://maps.app.goo.gl/U5ADno255mgySzp57'),
(112, 11, 1, 4, 'WARDAH MINI MART', 'Manki Bansale Rd, Mavinkatta, Manki, Karnataka 581348', 9945349450, 'wardahmini34@gmail.com', 'https://maps.app.goo.gl/QmNrqwB2qFJCvACJ9'),
(113, 11, 1, 7, 'Greenmarks supermarket', 'Siddapur, Karnataka 581355', 7349472859, 'greenmarks@gmail.com', 'https://maps.app.goo.gl/7QpwxtCCAc1Siivf9'),
(114, 11, 1, 7, 'YUSRA MINI MART', 'Avigna Complex, 57 Basroor Siddapur Road, Cross, near Sainik Hardware, opp.', 9743667281, 'yusraminimart@gmail.com', 'https://maps.app.goo.gl/WbwzGKHjTkdpLiAx8'),
(115, 11, 1, 7, 'Kamakshi Super market', 'Kadri Rd, Siddapura, Karnataka 576229', 9742506832, 'kamakshisuper34@gmail.com', 'https://maps.app.goo.gl/NLJXFP4f4mG2q5bSA'),
(116, 11, 3, 26, 'Om bharath supermarket', 'Rupee Mall, City Point, Main Road, Baindur, Karnataka 576214', 9820458632, 'ombharath@gmail.com', 'https://maps.app.goo.gl/tavFDHrEUtfB24zw7'),
(117, 11, 1, 8, 'TSS Super market', 'XP59+C6F, APMC Yard, Yellapur, Karnataka', 8419262569, 'tsssupermarket@gmail.com', 'https://maps.app.goo.gl/iBZZYYWwTNkUbQAK7'),
(118, 11, 3, 24, 'Saptagiri Super Market', 'JLB Rd, Kundapura, Karnataka 576201', 8277826633, 'saptagiri@gmail.com', 'https://maps.app.goo.gl/b3t8fUDguUNLnzTN9'),
(119, 11, 1, 12, 'More Supermarket', 'J.N Rd, Dandeli, Karnataka 581325', 8108138000, 'moreretail@gmail.com', 'https://maps.app.goo.gl/68GMVNR3Mw5UK3CV7'),
(120, 11, 1, 10, 'Sai Super Market', 'K S Building, Motikere Road, Haliyal, Haliyal, Karnataka 581329', 7353886661, 'saisupermarket@gmail.com', 'https://maps.app.goo.gl/5TdxZnuBn6juKD2cA'),
(121, 11, 3, 24, 'Soans Supermarket', 'AMMARASANA COMPLEX, Chikkansal Road, Kundapura, Karnataka 576201', 9535351164, 'soanssupermarket@gmail.com', 'https://maps.app.goo.gl/Bh3bvmyzv1Pafqmw8'),
(122, 11, 3, 24, 'SMART POINT KUNDAPURA', 'JMJR+28P, Kundapura, Karnataka 576201', 7853456347, 'smartpoint@gmail.com', 'https://maps.app.goo.gl/sSNUTrHnk1D8zoEh7'),
(123, 11, 1, 9, 'TSS Super Market', 'Mundgod, Karnataka 581349', 9625345005, 'tsssupermarker@gmail.com', 'https://maps.app.goo.gl/9YGvMMxxZFhFEUWx5'),
(124, 11, 1, 8, 'Shri Mahalaxmi Super Mart', 'SH 6, Yellapur, Karnataka 581359', 9448105446, 'shrimahalaxmi@gmail.com', 'https://maps.app.goo.gl/nFUVbsJW1KudUoDF6'),
(125, 11, 1, 8, 'TMS SUPERMART', 'XP78+35J, Sirsi - Yellapur Rd, Yellapur, Karnataka 581359', 9986473893, 'tmssuper@gmail.com', 'https://maps.app.goo.gl/xmNEQkrTX3Zf16NA9'),
(126, 11, 1, 8, 'Vandana mega Mart', 'XP86+6FJ Devi, Ishwar Temple Rd, Yellapur, Karnataka 581359', 7822609204, 'vandanamega@gmail.com', 'https://maps.app.goo.gl/DcEWUG7DZ5i51vYUA'),
(127, 11, 1, 9, 'Vishwas Super Market', 'X29R+X87, Bankapur Rd, Mundgod, Karnataka 581349', 8723090129, 'vishwassuper@gmail.com', 'https://maps.app.goo.gl/GcKFBGBFsBpsrgfK7'),
(128, 11, 1, 9, 'Basu Super Market', 'Mundgod, Karnataka 581349', 9686927640, 'basusuper@gmail.com', 'https://maps.app.goo.gl/mg66afoaRTbLMSVj7'),
(129, 11, 1, 10, 'ROYAL CITY MART', 'above SBI Bank, near Bus-stand, Haliyal, Karnataka 581329', 87993550238, 'royalcity@gmail.com', 'https://maps.app.goo.gl/FiKpaTxvQ44mSDGp6'),
(130, 11, 1, 10, 'POOJA SWET MART', '8QJ8+R49, New Bus Stand Rd, Haliyal, Karnataka 581329', 8971240056, 'poojaswet@gmail.com', 'https://maps.app.goo.gl/2hrSBmLLTisbrTm37'),
(131, 11, 1, 12, 'Century mega mart', 'J.N Rd, Dandeli, Karnataka 581325', 7760571563, 'centurymega@gmail.com', 'https://maps.app.goo.gl/ZzXnNEEqyzv1s2B87'),
(132, 11, 1, 10, 'Bombay Big Bazar', 'Bombay Big Bazar, Mori Keri Road, Haliyal, Karnataka 580001', 8754766359, 'bombaybigbazar@gmail.com', 'https://maps.app.goo.gl/b6AAqhDRSHmQk3SJ6'),
(133, 11, 1, 12, 'ROYAL CITY MART', 'opposite Vegitable martket, J.N Rd, Dandeli, Karnataka 581325', 7864982938, 'royalcitymart@gmail.com', 'https://maps.app.goo.gl/4KpJWoEza4hesnkTA'),
(134, 11, 2, 13, 'More Supermarket		', 'Hedge Towers, opp. St. Agnes College(Autonomous), Bendoor, Mangaluru', 9876543210, 'more.mangalore@gmail.com', 'https://maps.app.goo.gl/zKnefDPCwuEEuKmB9'),
(135, 11, 2, 13, 'Spar Hypermarket	', '5th Floor, The City Centre Mall, KSR Road, Hampankatta, Mangaluru	', 8765432109, 'spar.mangalore@gmail.com', 'https://maps.app.goo.gl/X2yczPpiy8VMgEjQ8'),
(136, 11, 2, 13, 'Reliance Fresh', 'Lower Ground Floor, Karuna Pride, Falnir Rd, opposite Athena Hospital, Bendoor, Mangaluru', 7654321098, 'reliance.mangalore@gmail.com', 'https://maps.app.goo.gl/adcae51Lyy2Bhk1J9'),
(137, 11, 2, 13, 'Big Bazaar	', 'Bharath Mall, Mangaluru	', 6543210987, 'bigbazaar.mangalore@gmail.com', 'https://maps.app.goo.gl/1oXCwaPhLdow6qVX8'),
(138, 11, 2, 13, 'Nilgiris	', 'Bejai, Mangaluru	', 5432109876, 'nilgiris.mangalore@gmail.com', 'https://maps.app.goo.gl/FjHLP3ZSDaWG6TNu6'),
(139, 11, 2, 18, 'D Mart	', 'B C Road, Bantwal	', 9876543211, 'dmart.bantwal@example.com', 'https://maps.app.goo.gl/VXHN3CvpomCjFUzc7'),
(140, 11, 2, 18, 'Reliance Smart	', 'Bypass Road, Bantwal	', 8765432110, 'reliance.bantwal@gmail.com', 'https://maps.app.goo.gl/cMVgQ1oQbqvHDhSA8'),
(141, 11, 2, 18, 'Big Bazaar	', 'Puttur Road, Bantwal	', 7654321109, 'bigbazaar.bantwal@gmail.com', 'https://maps.app.goo.gl/fE8RfckiZBXsRuCD9'),
(142, 11, 2, 15, 'D Mart	', 'Main Road, Puttur', 9876543212, 'dmart.puttur@gmail.com', 'https://maps.app.goo.gl/xbetk9HbZ9EJgK8RA'),
(143, 11, 2, 15, 'Reliance Fresh	', 'College Road, Puttur	', 8765432111, 'reliance.puttur@gmail.com', 'https://maps.app.goo.gl/KTEpttLKmfSKJ9vS8'),
(144, 11, 2, 15, 'More Supermarket	', 'Hospital Road, Puttur	', 6543211099, 'more.puttur@gmail.com', 'https://maps.app.goo.gl/BP3yVh68f7Zkwgg2A'),
(145, 11, 2, 16, 'More Supermarket', 'Main Road, Belthangady	', 9876543213, 'more.belthangady@gmail.com', 'https://maps.app.goo.gl/xVXusc7SJ5kaVCTw8'),
(146, 11, 2, 16, 'D Mart	', 'Near Bus Stand, Belthangady', 8765432112, 'dmart.belthangady@gmail.com', 'https://maps.app.goo.gl/GPf2yANk16XKRqcy6'),
(147, 11, 2, 16, 'Big Bazaar	', 'Market Road, Belthangady	', 7654321111, 'bigbazaar.belthangady@example.com', 'https://maps.app.goo.gl/epmE3hLyfEwpadyo9'),
(148, 11, 2, 14, 'Reliance Fresh	', 'Sullia Main Road, Sullia	', 9876543214, 'reliance.sullia@example.com', 'https://maps.app.goo.gl/jodfX8cnKrLU7Tyj6'),
(149, 11, 2, 14, 'More Supermarket', 'Market Road, Sullia	', 6543211101, 'more.sullia@example.com', 'https://maps.app.goo.gl/E7LL96mxRCyisty29'),
(150, 11, 2, 14, 'Nilgiris	', 'College Road, Sullia	', 5432109880, 'nilgiris.sullia@example.com', 'https://maps.app.goo.gl/8GEDLncYkYHEdvot5'),
(151, 11, 2, 17, 'D Mart	', 'Near Bus Stand, Moodbidri	', 8765432114, 'dmart.moodbidri@example.com', 'https://maps.app.goo.gl/y8NwwM87c88iGDhU8'),
(152, 11, 2, 17, 'More Supermarket	', 'Karkala Road, Moodbidri	', 6543211102, 'more.moodbidri@example.com', 'https://maps.app.goo.gl/dXb3hmjjxN1ohR296'),
(153, 11, 2, 19, 'Reliance Fresh	', 'Near Bus Stand, Mulki	', 9876543213, 'reliance.mulki@example.com', 'https://maps.app.goo.gl/x316sztxU6UKSfnS7'),
(154, 11, 2, 19, 'Spar Hypermarket	', 'Mulki Market, Mulki	', 7654321111, 'spar.mulki@example.com', 'https://maps.app.goo.gl/gE8eLKEbrUXMM49L7'),
(155, 11, 2, 19, 'Nilgiris	', 'Mulki Circle, Mulki	', 6543211100, 'nilgiris.mulki@example.com', 'https://maps.app.goo.gl/yPZ7F6PsXx6qDKXo6'),
(156, 11, 2, 20, 'More Supermarket	', 'Ullala Main Road	', 8765432113, 'more.ullala@example.com', 'https://maps.app.goo.gl/EwXE7xjvuEFo3LXY7'),
(157, 11, 2, 20, 'Spar Hypermarket	', 'Near Ullala Market	', 6543211101, 'spar.ullala@example.com', 'https://maps.app.goo.gl/iv2QNFAFhQDnLLst5'),
(158, 11, 2, 21, 'More Supermarket	', 'Near Bus Stand, Kadaba	', 8765432114, 'more.kadaba@example.com', 'https://maps.app.goo.gl/Vu61MbfWrqSM4krV9'),
(159, 11, 2, 21, 'Spar Hypermarket	', 'Kadaba Market Area', 7654321113, 'spar.kadaba@example.com', 'https://maps.app.goo.gl/XzbpZv5kAfUERpYL9'),
(160, 11, 2, 21, 'Nilgiris', 'Kadaba Circle, Kadaba	', 6543211102, 'nilgiris.kadaba@example.com', 'https://maps.app.goo.gl/gFAGmMTe7spAXFki8'),
(161, 11, 3, 22, 'Little Pai supermarket', 'Opp Geethanjali Silks VST, Road, Udupi, Karnataka 576101', 9972099820, 'littlepai@gmail.com', 'https://maps.app.goo.gl/JS4C72TKVXh3FKMs7'),
(162, 11, 3, 22, 'Reliance SMART Superstore', 'City Centre Mall, Govind Ballabh Pant Rd, opposite Jamia Masjid, Thenkpete, Maruthi Veethika, Udupi', 18008910001, 'reliancestore@gmail.com', 'https://maps.app.goo.gl/S25diVr3QG3RzJY16'),
(163, 11, 3, 22, 'D Mart', '8QX3+M5F, Kalsanka Ambagilu Rd, Kalsanka, Udupi, Karnataka 576101', 2233400500, 'dmart@gmail.com', 'https://maps.app.goo.gl/CswQbRpZ1D9bTnAg7'),
(164, 11, 3, 22, 'Reliance SMART Point', 'Archana Sovereign Commercial 77 12, Kunjibettu, Udupi, Karnataka 576102', 7866900872, 'reliancesmart@gmail.com', 'https://maps.app.goo.gl/TY3aMcBQBKmR2z3y7'),
(165, 11, 3, 22, 'Spar Hypermarket', '8QW3+G2M Royal Garden Gundibail, Kalsanka Ambagilu Rd, Kunjibettu, Udupi, Karnataka 576102', 9800341856, 'sparsupermarket@gmail.com', 'https://maps.app.goo.gl/enY4c43u3KLryTNu7'),
(166, 11, 3, 26, 'Om bharath supermarket', 'Rupee Mall, City Point, Main Road, Baindur, Karnataka 576214', 9734091764, 'ombharath@gmail.com', 'https://maps.app.goo.gl/GDog7Dedfb9VLjrA9'),
(167, 11, 3, 24, 'Soans Supermarket', 'AMMARASANA COMPLEX, Chikkansal Road, Kundapura, Karnataka 576201', 9535351164, 'soanssuper@gmail.com', 'https://maps.app.goo.gl/KmbUVEcywsoz5GcZA'),
(168, 11, 3, 23, 'Navami Supermarket', 'girl School, opp. SVT School, Karkala, Karnataka 574104', 9148585299, 'navamisuper@gmail.com', 'https://maps.app.goo.gl/UUqHCnTzD2uKRQxe9'),
(169, 11, 3, 24, 'Saptagiri Super Market', 'JLB Rd, Kundapura, Karnataka 576201', 8277826633, 'saptagirisuper@gmail.com', 'https://maps.app.goo.gl/oqXyKfcisNgr2mAdA'),
(170, 11, 3, 25, 'Ananth Traders - Super Market', 'SH 65, Hebri, Karnataka 576112', 8253251124, 'ananthtrader@gmail.com', 'https://maps.app.goo.gl/U8UZ2KDevhcLGvMp6'),
(171, 11, 3, 24, 'Ganesh Bazaar', 'Yedthare Building, Kundapura Main Rd, opp. hotel New Usha, Kundapura, Karnataka 576201', 9834007589, 'ganeshbazaar@gmail.com', 'https://maps.app.goo.gl/BuiD5Uxq9W3pkmqk9'),
(172, 11, 3, 24, 'SMART POINT KUNDAPURA', 'JMJR+28P, Kundapura, Karnataka 576201', 8711045920, 'smartpoint@gmail.com', 'https://maps.app.goo.gl/KzZ3YYAiiF7iEJd57'),
(173, 11, 3, 25, 'Hebri Super Market', 'FX5V+M39, Unnamed Road, Veenu Nagar, Hebri, Karnataka 576112', 8305014522, 'hebrusuper@gmail.com', 'https://maps.app.goo.gl/hRJhD3QWAi4fuKxS7'),
(174, 11, 3, 27, 'Super Bazaar', 'QJMQ+JF8, Nagoor, Karnataka 576219', 9880386619, 'superbazaar@gmail.com', 'https://maps.app.goo.gl/iGJidtzrv12jVTdJA'),
(175, 11, 3, 27, 'NAVMI Mart', 'CPPW+X3G, Bramavara, Karnataka 576213', 7353763299, 'navmimart@gmail.com', 'https://maps.app.goo.gl/YtkmK6JjfkaHuDGf6'),
(176, 11, 3, 23, 'Navami Supermarket', 'girl School, opp. SVT School, Karkala, Karnataka 574104', 9148585299, 'navamisupermart@gmail.com', 'https://maps.app.goo.gl/3gpxDXfaActrQ9of9'),
(177, 11, 3, 23, 'Karla Super Market', '6X2W+H97, Karkala, Karnataka 574104', 907339612, 'karla@gmail.com', 'https://maps.app.goo.gl/kpgasoz4riZQWmBdA'),
(178, 9, 1, 3, 'Indian Oil', 'Ground Floor, opposite Hotel Panduranga, Kumta, Alvekodi, Karnataka 581343', 9844017386, '', 'https://maps.app.goo.gl/WUjw6wZq4tSA3iE89'),
(179, 9, 1, 3, 'Bharat Petroleum Petrol Pump', 'CCMG+F5J, Kumta, Karnataka 581362', 1800224344, '', 'https://maps.app.goo.gl/HhvH8sEdjKzd6gwRA'),
(180, 9, 1, 3, 'HP Petrol Pump - VP Prabhu', 'At Nellekeri, NH 66, Kumta, Karnataka 581343', 9886107529, '', 'https://maps.app.goo.gl/fTPbbJPvgVCK2jPi6'),
(181, 9, 1, 3, 'IndianOil', 'Ground Floor NH 66, Alvekodi, Kumta, Karnataka 581343', 9448145338, '', 'https://maps.app.goo.gl/6fzknUpre5xQJFUb7'),
(182, 9, 1, 4, 'Reliance Petroleum', 'NO:71/3B & 71/4, KVG PETROLEUM, NH 206, Bangalore - Honnavar Hwy, KASABA HOBLI, Machenahalli, Tarikere, Karnataka 577228', 9731144314, '', 'https://maps.app.goo.gl/BL1zoZaJbocuteVk9'),
(183, 9, 1, 4, 'Priyadarshi Fuel Station - BP', 'HONNAVAR, NORTH KANARA, Karnataka 581334', 1800224344, '', 'https://maps.app.goo.gl/akQwjjzNbdZwMfn19'),
(184, 9, 1, 4, 'IndianOil', 'Survey No 171, Honavar - Nagarabastikeri Rd, Gunavante, Karnataka 581348', 9448133322, '', 'https://maps.app.goo.gl/KDrYScbcSFkeGwwg6'),
(185, 9, 1, 4, 'IndianOil', 'Ground Floor Karki, Honnavara, Areangadi, Karnataka 581334', 9742739999, '', 'https://maps.app.goo.gl/g8TQpc6HoBzAJARt8'),
(186, 9, 1, 1, 'IndianOil', 'Ground Floor, Binaga, Karwar, Karnataka 581364', 9972131415, '', 'https://maps.app.goo.gl/DzxumHynyrmzbgrQ9'),
(187, 9, 1, 1, 'Haldipur Petrol Bunk', 'Green St, Kodibag, Karwar, Karnataka 581301', 9448137073, '', 'https://maps.app.goo.gl/E8ppUAw55NGraJ1D8'),
(188, 9, 1, 1, 'Sardarji Petrol Pump', 'R45H+VQ9, Green Street, Kodibag, Karwar, Karnataka 581301', 0, '', 'https://maps.app.goo.gl/wUr2imFzrjJpdM2bA'),
(189, 9, 1, 1, 'IndianOil', 'Ground Floor, Dr, Kamalakar Road, Green Street, Kodibag, Karwar, Karnataka 581301', 9886649959, '', 'https://maps.app.goo.gl/SM8FnXjbHZ7F3otX6'),
(190, 9, 1, 2, 'IndianOil', 'Ground Floor, NH17, Shedgeri, Ankola, Algeri, Karnataka 581314', 9845612267, '', 'https://maps.app.goo.gl/SDPQR7XUnPiB5DAL6'),
(191, 9, 1, 2, 'IndianOil', 'Ground Floor NH 63, Baleguli, Ankola, Algeri, Ankola, Karnataka 581314', 9448221291, '', 'https://maps.app.goo.gl/aYdqdofpJE5piXss9'),
(192, 9, 1, 2, 'P S Prabhu Petrol Bunk', 'vasudev building, opp. PS Prabhu petrolpump, Ankola, Karnataka 581314', 9200568246, '', 'https://maps.app.goo.gl/o9eqiEkEk49CRXMR8'),
(193, 9, 1, 2, 'Bharat Petroleum, Petrol Pump -Shantika Petroleums', 'ANKOLA, AGASUR NH-63, NORTH KANARA, Karnataka 581413', 1800224344, '', 'https://maps.app.goo.gl/TuWJPSPa7o5WGHiDA'),
(194, 9, 1, 5, 'IndianOil', 'Ground Floor, Susgadi, Bhatkal, Belke, Karnataka 581320', 9480072126, '', 'https://maps.app.goo.gl/okuxnHsW7j15X1zb6'),
(195, 9, 1, 8, 'Shri Kamakshi Petroleum', 'Main Road Yellapur. U Kannada, Karnataka 581359', 9686402387, '', 'https://maps.app.goo.gl/peUPm41QLJySZ16M9'),
(196, 9, 1, 5, 'Bharat Petroleum Petrol Pump and CNG Gas Station', 'NH 66, Near, Kargedde, Bhatkal, Karnataka 581320', 1800224344, '', 'https://maps.app.goo.gl/hPdszJSydjDkqAT49'),
(197, 9, 1, 5, 'IndianOil', 'Ground Floor NH 66, Bhatkal, Hebbale, Karnataka 581320', 7353778086, '', 'https://maps.app.goo.gl/emRWi5JpZqNFN6n67'),
(198, 9, 1, 6, 'IndianOil', 'Ground Floor, Main Road, Sirsi, Barur, Neelekani, Karnataka 581403', 7349059150, '', 'https://maps.app.goo.gl/E5qRnhtaLrdHbrXb7'),
(199, 9, 1, 6, 'Gouri Fuels, BPC Petrol Bunk', 'Ashwini Circle, Sirsi, Karnataka 581402', 9886555919, '', 'https://maps.app.goo.gl/jMFhmD8c6XHchXk8A'),
(200, 9, 1, 6, 'Petrol Pump and CNG pump', 'JRHX+CM5, SH 69, Sirsi, Karnataka 581402', 800763332578, '', 'https://maps.app.goo.gl/xuwQLB1urhCwRfx97'),
(201, 9, 1, 6, 'H.P. Petrol Pump - S.S Dhundshi', '5 Road Circle, Dist. Uttar Kanada, Sirsi, Karnataka 581401', 9611515304, '', 'https://maps.app.goo.gl/7udoXGGGmy8WKhXx6'),
(202, 9, 1, 7, 'IndianOil', 'Ground Floor, Siddapur Main Rd, Siddapur, Karnataka 581355', 9481869832, '', 'https://maps.app.goo.gl/LYo5kVzGimK6GZ198'),
(203, 9, 1, 7, 'Sri Renukamba Fuels', 'Siddapur, Siddapur - Sirsi Rd, Kastur, Karnataka 581335', 9482995512, '', 'https://maps.app.goo.gl/TmB8LURpFGn3Ywwf7'),
(204, 9, 1, 7, 'M/s T.S Tawady - Bharat Petroleum', 'Jogfalls, Road, Siddapur, Karnataka 581355', 9448679253, '', 'https://maps.app.goo.gl/wvzspTHWXiCdKrQA6'),
(205, 9, 1, 8, 'Hindustan Petroleum Pump', 'Yellapur, Uttara Kannada, NH-63, Hubli Karwar Road, Uttara Kannada', 2222863900, '', 'https://maps.app.goo.gl/iqDtmGEKrPsgPhJEA'),
(206, 9, 1, 8, 'T.M.S. Petrol Bunk', 'XPC7+J48, Hubli - Karwar Rd, Yellapur, Karnataka 581359', 8419262576, '', 'https://maps.app.goo.gl/BYkRoTdeRoJjegJL8'),
(207, 9, 1, 8, 'Shri Kamakshi Petroleum', 'Main Road Yellapur. U Kannada, Karnataka 581359', 9686402387, '', 'https://maps.app.goo.gl/rgjMCtWutxyjP3Ck6'),
(208, 9, 1, 9, 'HP Petrol Pump', 'Mangalore, HPC Dealers, Kumta - Hubli Rd, Mundgod, Karnataka 581349', 8197204777, '', 'https://maps.app.goo.gl/HXix4MeNAjDwQAmH6'),
(209, 9, 1, 9, 'IndianOil', 'Ground Floor, Opposite Hegde Hospital, Bankapur Rd, Kalaganakoppa, Mundgod, Andagi, Karnataka 581349', 9449814947, '', 'https://maps.app.goo.gl/NH33ZHaFHmHfS7Vs5'),
(210, 9, 1, 9, 'IndianOil', 'Ground Floor, Main Road, Andalgi, Mundgod, Karnataka 581349', 9481462461, '', 'https://maps.app.goo.gl/z4x3SJsR5uo6HHud6'),
(211, 9, 1, 9, 'Karadagi petroleum and CNG station', 'Camp road, Mundgod, Karnataka 581349', 9075772370, '', 'https://maps.app.goo.gl/k6cjdfCZLzU9ykqcA'),
(212, 9, 1, 10, 'Velankanni petroleum BPCL', 'HALIYAL TO YALLAPUR ROAD, SH 93, Bhagavati, Karnataka 581363', 0, '', 'https://maps.app.goo.gl/1hyFY92atRsj9ccH9'),
(213, 9, 1, 10, 'Gajanana Petrol Pump - HP Pump', 'HPCL Dealer, Haliyal-Belgaum Rd, near Modern Rice Mill, Haliyal, Karnataka 581329', 9845817007, '', 'https://maps.app.goo.gl/MyPqzHg6uReEPUZV6'),
(214, 9, 1, 10, 'Bharat Petroleum, Petrol Pump -Basarikatti Petroleum', 'HALIYAL, NORTH KANARA, Karnataka 581329', 1800224344, '', 'https://maps.app.goo.gl/wPYpBub6GbPx5WZr5'),
(215, 9, 1, 12, 'Naregal Petrol Bunk', '6JVF+XCR, SH 46, Dandeli, Karnataka 581325', 1800224344, '', 'https://maps.app.goo.gl/ZN1KKjdN4Tdqjcy29'),
(216, 9, 1, 11, 'Bharat Petroleum Fuel Pump', 'SH 34, Joida, Karnataka 581186', 1800768344, '', 'https://maps.app.goo.gl/L2e9MVaYTAE3LXCh7'),
(217, 9, 1, 11, 'Bharat Petroleum, Petrol Pump-Shubhlaxmi Petroleum', '175, Ramnagar Karwar Rd, Tal, Ramnagar, Joida, Karnataka 581453', 1800224344, '', 'https://maps.app.goo.gl/uRzz3bJWKZmHZ73r8'),
(218, 9, 1, 12, 'Shrinidhi Petroleum', 'Barchi Road, Ambewadi, Dandeli, Karnataka 581325', 18009367433, '', 'https://maps.app.goo.gl/tXgh6ejj1Fervzjw9'),
(219, 9, 2, 13, 'HP Petrol Pump Mangalore Service Station', 'Bajpe Main Rd, near Police Station, Kavoor, Mangaluru, Karnataka 575001', 8242458277, '', 'https://maps.app.goo.gl/zXYFeXAkn99HeuDj7'),
(220, 9, 2, 13, 'Bharat Petroleum', 'VRQP+65H, Opposite To Water Tank, Ladyhill, Mangaluru, Karnataka 575003', 1800224344, '', 'https://maps.app.goo.gl/RjZJfedY6ThqeYaf9'),
(221, 9, 2, 13, 'IndianOil', 'Ground floor, Kadri Hills, Kadri, Mangaluru, Karnataka 575004', 7022103369, '', 'https://maps.app.goo.gl/eqQGHaNNmtsbBq3Y8'),
(222, 9, 2, 13, 'Shell Petrol Pump ', 'Bejai Main Road, Museum Rd, Kodailbail, Mangaluru, Karnataka 575004', 9686682697, '', 'https://maps.app.goo.gl/WFkqeCTmyWXXG4g97'),
(223, 9, 2, 15, 'IndianOil', 'Ground Floor, Mukrampady, Bolwar, Kemminje, Puttur, Karnataka 574202', 9663138997, '', 'https://maps.app.goo.gl/Qx1zArrdLYTJmEcP6'),
(224, 9, 2, 15, 'Hp petroleum', 'Puttur, Karnataka 574201', 2222863900, '', 'https://maps.app.goo.gl/7UdQhHC7cdivcZ166'),
(225, 9, 2, 15, 'KV Shenoy and Co Petrol Pump', 'Q59Q+QWP, Main Road, Puttur, Karnataka 574201', 8873098360, '', 'https://maps.app.goo.gl/LACAtovjXR52dGA98'),
(226, 9, 2, 15, 'Hindustan Petroleum & CNG', 'Soorikumeru, Dakshina Kannada, NH-48, Bangalore Mangalore Highway, Puttur, Puttur, Karnataka 574231', 2222863900, '', 'https://maps.app.goo.gl/nN53k1LfpC4GYqiM8'),
(227, 9, 2, 14, 'Hindustan Petroleum- Payaswini Service Station', 'H93W+6W2, NH 275, Gandhinagar, Sullia, Jattipalla, Karnataka 574239', 8904130379, '', 'https://maps.app.goo.gl/wweUoYxfCovTrG3v7'),
(228, 9, 2, 14, 'Bharat Petroleum Petrol Pump ', 'ROADKRISHNA NAGAR, Uppinangady, Bannur Rural, Karnataka 574201', 1800224344, '', 'https://maps.app.goo.gl/rcXYaeh1rmyaujHA6'),
(229, 9, 2, 14, 'IndianOil', 'Ground Floor, opposite Bus Stand, Srirampete, Sullia, Ivarnadu, Karnataka 574239', 9845047333, '', 'https://maps.app.goo.gl/KxVZqMUaNQq245f38'),
(230, 9, 2, 16, 'IndianOil', 'Ground Floor, Basavanagudi Madanthyar, Belthangady, Kuvettu, Karnataka 574224', 9844715717, '', 'https://maps.app.goo.gl/xv48f5mJPfeWeytN9'),
(231, 9, 2, 16, 'Dharmashree Service Station,Bharat Petroleum and CNG', 'W5W6+55F, Mangalore - Belthangady Hwy, Punjalkatte, Pilatha Bettu, Karnataka 574233', 1800224344, '', 'https://maps.app.goo.gl/Z4Da9nVioxx6TegcA'),
(232, 9, 2, 16, 'S.L.V SERVICE STATION', 'POST AND VILLAGE, 2-82(1A) DHARMASTALA-KOKKADA SH NIDLE, Belthangady, Karnataka 574216', 78339133002, '', 'https://maps.app.goo.gl/Yzjs2a2ErQgJA67W7'),
(233, 9, 2, 17, 'HP Petrol & CNG Pump', '3X9R+V62, Mudbidri, Karnataka 574227', 2222863900, '', 'https://maps.app.goo.gl/XsfswcXcZYv2jbup7'),
(234, 9, 2, 17, 'Bharat Petroleum', '3X9V+3GC, Mudbidri, Karnataka 574227', 1800224344, '', 'https://maps.app.goo.gl/RtCFTq2waqzgQsjj6'),
(235, 9, 2, 17, 'IndianOil', 'Perinje, Pranthya, Mudbidri, Karnataka 574227', 9901245459, '', 'https://maps.app.goo.gl/RtCFTq2waqzgQsjj6'),
(236, 9, 2, 17, 'MRPL Petrol Pump', 'W2HQ+2PR, Moodabidri- Bantwal Rd, Sornadu, Karnataka 574211', 9056443900, '', 'https://maps.app.goo.gl/VirLwqEEYdW4vxUP9'),
(237, 9, 2, 18, 'IndianOil', 'Ground Floor, NH73, B.C Road, Bantwal, Jodumarga, Karnataka 574219', 9448473797, '', 'https://maps.app.goo.gl/4Ktp7ckMWQR5MGndA'),
(238, 9, 2, 18, 'Gurukripa Petroleums', 'NH 73, Ganadapadpu, B.C Road, Bantwal, Karnataka 574219', 8922671055, '', 'https://maps.app.goo.gl/yJpLaZgfJe1CK7yb7'),
(239, 9, 2, 18, 'Sri Durga Service Station Bharat Petroleum', 'Mangalore Bangalore Highway B.C.Road Talapady, B.C Road, Bantwal, Karnataka 574219', 8255232792, '', 'https://maps.app.goo.gl/3D8E1usXiFmabroH9'),
(240, 9, 2, 19, 'Bharat Petroleum', 'NH 66, Karnad, Mulki, Karnataka 574154', 1800224344, '', 'https://maps.app.goo.gl/zEpqv75vVwMQy2kT8'),
(241, 9, 2, 19, 'IndianOil', 'Ground Floor Shuvavagali, Karnad, Mulki, Aithikaribettu, Karnataka 574154', 9343123345, '', 'https://maps.app.goo.gl/zszXXMNZc4RbwBUaA'),
(242, 9, 2, 20, 'MRPL PETROL BUNK -MANGALORE HIQ STATION', 'Near, Kadri Park Rd, Kadri Hills, Kadri, Mangaluru, Karnataka 575002', 8242210244, '', 'https://maps.app.goo.gl/4qMpAEHWM1DSDkaQ6'),
(243, 9, 2, 20, 'Shell Petrol Pump', 'Bejai Main Road, Museum Rd, Kodailbail, Mangaluru, Karnataka 575004', 9686682697, '', 'https://maps.app.goo.gl/gvmXHzWwSUwJoVx89'),
(244, 9, 2, 21, 'IndianOil', 'Ground Floor Haleangadi, Mangalore, Chelairu HC, Karnataka 574146', 9343274793, '', 'https://maps.app.goo.gl/Sk2mdNq9xyuvjCbD7'),
(245, 9, 2, 21, 'HP Petrol Pump', 'HPC Dealer Kukkundur Village Kadaba, Mangalore, Karnataka 576117', 2222863900, '', 'https://maps.app.goo.gl/GbVx7eEUdMD4wzHz7'),
(246, 9, 3, 22, 'IndianOil', 'Ground Floor NH 17, Mangalore Road, Kalathur, South, Udupi, Karnataka 574106', 9880504676, '', 'https://maps.app.goo.gl/iXV2xNtcoG4bxGhKA'),
(247, 9, 3, 22, 'IndianOil', 'Ground Floor, Shiva Belman, Main Rd, Kodupanjimar, Udupi, Karnataka 574116', 7348895109, '', 'https://maps.app.goo.gl/ZAP9g3TUNMVMoDSf6'),
(248, 9, 3, 22, 'St. Joseph Fuels -MRPL HIQ', '301/12, Belman Karkala Udupi, Karnataka 576111', 9901985377, '', 'https://maps.app.goo.gl/XQpuaLE3yqYicYxW9'),
(249, 9, 3, 22, 'HP Petrol Pump ', 'Mangalore Road, Anekere, Udipi District, Karkala, Karnataka 574104', 9342326600, '', 'https://maps.app.goo.gl/pS912FrL7HWTdMKn9'),
(250, 9, 3, 23, 'Nayara Petrol pumps', 'Hiriyangadi Bypass Road, Taluka, Karkala, Karnataka 574104', 9880191020, '', 'https://maps.app.goo.gl/ohk3cPDCfCPDEVKk8'),
(251, 9, 3, 23, 'IndianOil', 'Ground Floor, Tellar, Karkala, Jodurasthe, Karkala, Karnataka 576117', 9845307917, '', 'https://maps.app.goo.gl/mg59ECd4n4QdNpsA6'),
(252, 9, 3, 23, 'HP PETROL PUMP & ADANI CNG', 'HPC Dealer Sanoor Village Padubidri Road-karkala, Mangalore, Karnataka 574114', 9845075333, '', 'https://maps.app.goo.gl/6dYgk3Q4dQkPN6v9A'),
(253, 9, 3, 24, 'VEERAJ FUEL STATION', 'SH27, BELAVE GRAMA KUNDAPURA, TALUK, Belve Proper, Karnataka 576212', 2222863900, '', 'https://maps.app.goo.gl/RVJGWPfmTtFCRpWj9'),
(254, 9, 3, 24, 'IndianOil', 'Ground Floor, Diana Circle, Thenkpete, Maruthi Veethika, Adi-udupi, Udupi, Karnataka 576101', 9448480269, '', 'https://maps.app.goo.gl/Tjtb5YE7sjcxg2Tv5'),
(255, 9, 3, 24, 'HP Petrol Pump ', 'Udupi - Perdoor - Agumbe Rd, Havanje, Karnataka 576105', 2222863900, '', 'https://maps.app.goo.gl/2u1NHpkYQ47BJF8G7'),
(256, 9, 3, 25, 'IndianOil', 'Ground Floor Main Road, Hebri, Karkala, Belanje, Karnataka 576112', 9448577777, '', 'https://maps.app.goo.gl/eZMpdjTSdkcwVEvK9'),
(257, 9, 3, 25, 'Bharat Petroleum, Petrol Pump', 'HEBRI, UDUPI, Karnataka 576112', 1800224344, '', 'https://maps.app.goo.gl/ohtGVBcXthaoi3Rs5'),
(258, 9, 3, 25, 'Krupa motors and fuels', 'Agumbe - Udupi Hwy, Hebri, Karnataka 576112', 9833190323, '', 'https://maps.app.goo.gl/v5NQaR82FiZVxW489'),
(259, 9, 3, 26, 'IndianOil', 'Ground Floor, near Triveni Ice Plant, Ambalpadi, Udupi, Karnataka 576103', 9900001140, '', 'https://maps.app.goo.gl/fwfa5qHzbzoyEVtd8'),
(260, 9, 3, 26, 'HP Petrol Pump ', 'Udupi - Perdoor - Agumbe Rd, Havanje, Karnataka 576105', 2222863900, '', 'https://maps.app.goo.gl/P9vg9E8QQGgc9s1x9'),
(261, 9, 3, 27, '02222863900', 'NH 66, Bramavara, Karnataka 576213', 2222863900, '', 'https://maps.app.goo.gl/SqZBeMryziaLLMgC8'),
(262, 9, 3, 27, 'IndianOil', 'Ground Floor, NH 66, Varamballi, Bramavara, Karnataka 576213', 9448363569, '', 'https://maps.app.goo.gl/rZFQVsMAkztcNXZNA'),
(263, 9, 3, 27, 'Bharath Petroleum,Srilaxmi Fuels and CNG Station', 'next to Hotel Manasa, Baikady, Bramavara, Karnataka 576213', 8722601675, '', 'https://maps.app.goo.gl/C3QW1EaPq4MMHDAv9'),
(264, 9, 3, 28, 'IndianOil', 'Ground Floor NH 17, Mangalore Road, Kalathur, South, Udupi, Karnataka 574106', 9880504676, '', 'https://maps.app.goo.gl/8fwafLurPtNB9JZz6'),
(265, 9, 3, 28, 'HP PETROL PUMP ', 'NH 66, Nittur, Kaup, Udupi, Karnataka 576103', 2222863900, '', 'https://maps.app.goo.gl/eqeSt4bvRDzUU5TZ8'),
(266, 6, 1, 3, 'Apollo Pharmacy', 'Shop.No.2, Ground, Benne Building, Complex, Kumbeshwara Road, near Corporation Bank, Kumta, Karnataka 581343', 8386295556, '', 'https://maps.app.goo.gl/X5LXZ1Y7yz9o2jhN9'),
(267, 6, 1, 3, 'Saraswati Pharma medical shop', 'CCF4+MHG, Kumta, Karnataka 581343', 9863110956, '', 'https://maps.app.goo.gl/HaJJ8CCHSkduvMcPA'),
(268, 6, 1, 3, 'Shri Marikamba Medical Stores', 'S No02, Bazaar Road, Subhash Rd, opposite to Panchali Ice Cream Parlor, Kumta, Karnataka 581343', 6883371993, '', 'https://maps.app.goo.gl/E59uCKqcwpaHBrW4A'),
(269, 6, 1, 3, 'Shree Maatha Medical & General stores', 'CCF6+PWM, Kumta, Karnataka 581343', 9449058797, '', 'https://maps.app.goo.gl/fkCNkH66dtmJTHaH8'),
(270, 6, 1, 3, 'SHREE DAMODAR MEDICALS AND GENERAL STORE', 'Shop no 11 manki ground complex, opp. sanman hotel, Kumta, Karnataka 581343', 8746897970, '', 'https://maps.app.goo.gl/SGiHt6g6fwynikf86'),
(271, 6, 1, 3, 'Shree Hanuman Medical', 'College Rd, Kumta, Karnataka 581343', 9923488047, '', 'https://maps.app.goo.gl/hHkxghvoG5kWxMhn6'),
(272, 6, 1, 4, 'KALYANPUR PHARMA, CHEMISTS & FAMILY WELLNESS STORES.', 'Prabhu Complex, NH 66, Honnavar, Karnataka 581334', 8217659319, '', 'https://maps.app.goo.gl/V7AevFT9CVCmvfsEA'),
(273, 6, 1, 4, 'Nayak Medicals', '7CJW+RQC, Bazar Road, Honnavar, Karnataka 581334', 8748919609, '', 'https://maps.app.goo.gl/VhToUnVseAaXq1Jn6'),
(274, 6, 1, 4, 'Prabhu Medicals', '7CHR+4XG, Bunder Road, Honnavar, Karnataka 581334', 8129790873, '', 'https://maps.app.goo.gl/CjH2WSRETg9EFnG57'),
(275, 6, 1, 4, 'Guru Dattatraya Medicals', 'SSS complex, Gandhada Oni, Honnavar, Karnataka 581334', 8469217982, '', 'https://maps.app.goo.gl/hyfnszbFFay8d4G26'),
(276, 6, 1, 4, 'Saraswthi Medicals', 'SARASWTHI 292/1/1A/G, 6, Palya Main Rd, opp. mini vidhan soudha, Honnavar, Karnataka 581334', 8927364917, '', 'https://maps.app.goo.gl/v4cPdtpgcPo57NG68'),
(277, 6, 1, 5, 'Bhatkal Medical Stores', 'Soosgadi, Bhatkal, Karnataka 581320', 8632685705, '', 'https://maps.app.goo.gl/DRmn8XTd6bXPah799'),
(278, 6, 1, 5, 'Health Plus Medical & General Store', 'XGXR+M69, Jali Rd, Nawayath Colony, Bhatkal, Karnataka 581320', 9986590924, '', 'https://maps.app.goo.gl/un8Cxx3VQGEj5FmU7'),
(279, 6, 1, 5, 'Universal Medicals', 'SAGAR ROAD ISMAIL COMPLEX ,SHAMSHUDDIN CIRCLE TMC DOOR NO II/44, 24-25, Nagarjuna Sagar Rd, Bhatkal, Karnataka 581320', 9845356655, '', 'https://maps.app.goo.gl/WGcXwFDCR9zscfNJ8'),
(280, 6, 1, 5, 'M/s KRV Shanbhag Medical Shop', 'Main Road NH.66 Shirali, Tq, Bhatkal, Karnataka 581354', 7853894311, '', 'https://maps.app.goo.gl/WaNjY4cuTBwGVutt9'),
(281, 6, 1, 1, 'Apollo Pharmacy Karwar', 'No 564/G/8, Rayhilsort Residency Badd 1, Uttar Kannada, Karnataka 581301', 8382222172, '', 'https://maps.app.goo.gl/JZX6Mn435ywBxvoi6'),
(282, 6, 1, 1, 'Healthcap Pharma', 'SHOP NO. 5, KESHAV ROYALLE, High Church Rd, Karwar, Karnataka 581301', 9920226986, '', 'https://maps.app.goo.gl/o65hvTxonmCP8DMJ8'),
(283, 6, 1, 1, 'Jyothi Medicals', 'bus stand, opp. ksrtc, K.H.B. Colony, Karwar, Karnataka 581301', 9845676785, '', 'https://maps.app.goo.gl/ceCTVg5r9U9zimeB8'),
(284, 6, 1, 1, 'Apollo Pharmacy Karwar 2', 'Shop No 6 & 7, Ward No 2 Kaikini Road, Karnataka 581306', 8382222173, '', 'https://maps.app.goo.gl/x3SUoiJztqgqHeU69'),
(285, 6, 1, 2, 'M/S.Prabhu Medical Store', 'M863+9G9, Ankola, Karnataka 581314', 6437932599, '', 'https://maps.app.goo.gl/NiorMLsd3iCMFByu7'),
(286, 6, 1, 2, 'Kamat Medicals', 'M854+QC6, Kittur Chenamma Rd, Ankola, Karnataka 581314', 9449454001, '', 'https://maps.app.goo.gl/EkFVC3JJrPfGnXw57'),
(287, 6, 1, 2, 'Sharada Medicals', 'Main Road, beside Jai Hind Hotel, Ankola, Karnataka 581314', 8388230725, '', 'https://maps.app.goo.gl/e6gqap5GmSv2XK7v8'),
(288, 6, 1, 2, 'Apollo Pharmacy', 'Ankola, Karnataka 581314', 18605000101, '', 'https://maps.app.goo.gl/dr2cTUCsmi4tsEfu6'),
(289, 6, 1, 6, 'Apollo Pharmacy', 'Shop No 1,2,3, GF, Moodi complex Sy No 194 B, Block, 2, Hospet Rd, Karnataka 581401', 8384226960, '', 'https://maps.app.goo.gl/xpcT2a4T81GbXoPd8'),
(290, 6, 1, 6, 'Pai Medical Shop', 'JR9H+4HW, Sirsi, Karnataka 581401', 8675841995, '', 'https://maps.app.goo.gl/LaoSShC8noTRiXaj9'),
(291, 6, 1, 6, 'SHRI GANESH MEDICAL STORES', 'JR8M+GQ4, Nataraja Rd, CP Bazar, Sirsi, Karnataka 581401', 9198435527, '', 'https://maps.app.goo.gl/WqzcrZGhWeNnTHzu7'),
(292, 6, 1, 6, 'Shubhada Pharma', '8, Netaji Subhas Chandra Bose Complex, Sirsi - Hubli - Belgaum Rd, near old bustand, Sirsi, Karnataka 581401', 9448188002, '', 'https://maps.app.goo.gl/F2PssWJbrQK517BY9'),
(293, 6, 1, 7, 'BHUVANESHWARI MEDICAL STORES', '8VWV+2MR, Rajamarga, Halgeri, Siddapur, Karnataka 581355', 9758211997, '', 'https://maps.app.goo.gl/P3RE55KhwKVSpaSm6'),
(294, 6, 1, 7, 'Shet Medicals', 'Siddapur Main Rd, Siddapur, Karnataka 581355', 9900340730, '', 'https://maps.app.goo.gl/xgJKqXNqszFzhpfY6'),
(295, 6, 1, 7, 'Keerti Medicals', '8VXR+9VV, Siddapur - Sirsi Rd, Siddapur, Karnataka 581355', 6859428348, '', 'https://maps.app.goo.gl/tvUDhue8X8nPW7xE9'),
(296, 6, 1, 8, 'Suresh Medicals', 'SH 93, Yellapur, Karnataka 581359', 8419262154, '', 'https://maps.app.goo.gl/4ThixDjHzoGMhLwn9');
INSERT INTO `services` (`id`, `category_id`, `district_id`, `taluk_id`, `name`, `address`, `mobile`, `email`, `location`) VALUES
(297, 6, 1, 8, 'VEETARAG MEDICAL & GENERAL STORE', 'WMXV+VPM, Hubli - Karwar Rd, near POLICE QUTERS, Yellapur, Karnataka 581359', 7659811795, '', 'https://maps.app.goo.gl/7y1DKm6JvYPYU8j4A'),
(298, 6, 1, 8, 'Chandan Pharma', 'LSMP COMPLEX, KB Road, opposite HOTEL SANKALPA, Yellapur, Karnataka 581359', 983367211, '', 'https://maps.app.goo.gl/2aBdG7KH8vSod5v38'),
(299, 6, 1, 9, 'Narayanguru Medical Store', 'Opp Police Station, Bankapur Road, Mundgod, Karnataka 581349', 9986522682, '', 'https://maps.app.goo.gl/WvpeecQVaJMvcFMS6'),
(300, 6, 1, 9, 'POOJASHREE MEDICAL & GENERAL STORE', 'X29V+W5J, SH 6, Mundgod, Karnataka 581349', 9485215495, '', 'https://maps.app.goo.gl/YcVPYXNyfkxsfSgD6'),
(301, 6, 1, 9, 'Sanjay medical', 'Bankapur Rd, Mundgod, Karnataka 581349', 7760682912, '', 'https://maps.app.goo.gl/c7ePtnxTTbWHeAJz9'),
(302, 6, 1, 10, 'Apollo Pharmacy Haliyal', 'Shop.No.146, Groung floor, No. 4-9-65, Ward.No.13, Old.No.A/145 To A/146,CTS.No.2521 To 2526, 1st cross, VRD Rd, Haliyal, Karnataka 581329', 8284220226, '', 'https://maps.app.goo.gl/g7XAZUNjtpmRpJNv9'),
(303, 6, 1, 10, 'SAHARA MEDICAL AND GENERAL STORES ', '8QJ8+R63, New Bus Stand Rd, Haliyal, Karnataka 581329', 8284221649, '', 'https://maps.app.goo.gl/fhzKcu2EMXJR4SMo6'),
(304, 6, 1, 10, 'kushal medical', 'New Bus Stand Rd, Haliyal, Karnataka 581329', 9535867011, '', 'https://maps.app.goo.gl/iDJvY6RzByUxTQbY6'),
(305, 6, 1, 12, 'Guru Medicals', '7J88+QQX, J.N Rd, Guru Medicals, Dandeli, Karnataka 581325', 8284231474, '', 'https://maps.app.goo.gl/TspubBXvNEHYZyMHA'),
(306, 6, 1, 12, 'Shivabasava Medical Stores', '7J78 2WP, Basaveshwar Nagar, Dandeli, Karnataka 581325', 9845797991, '', 'https://maps.app.goo.gl/kcWEPYb6SR6gSZRz9'),
(307, 6, 1, 12, 'Genericart Medicine Store', 'Building No 4/330/2/A, Survey No 4598 Ward No 11, Barchi Road, Haliyal - Dandeli Rd, near KC Circle, Dandeli, Karnataka 581325', 9090308585, '', 'https://maps.app.goo.gl/1dsftcXu9aMVAMFi6'),
(308, 6, 1, 12, 'Ramnath Medicals & General Stores', '101, Jawaharlal Nehru Rd 14th Block, Maruti Nagar, Jawaharlal Nehru Rd, 14th Block, Maruti Nagar, Dandeli, Karnataka 581325', 9448524581, '', 'https://maps.app.goo.gl/bKeJA6vT8kppvWgRA'),
(309, 6, 1, 12, 'pooja Medicals', 'Link Rd, Dandeli, Karnataka 581325', 9620576780, '', 'https://maps.app.goo.gl/pAFgBLqj8NFGQbDm9'),
(310, 6, 2, 13, 'Apollo Pharmacy', 'No 5, Jayavarma Centre Municipal No 15/10/537/9, Kadri, Village, Mangaluru, Karnataka 575003', 8244278580, '', 'https://maps.app.goo.gl/f24bjdYHwVLCNPw97'),
(311, 6, 2, 13, 'Apollo Pharmacy Sarawati Enclave Mangalore', 'No 2, Saraswathi Enclave, near Urwa Market, Urwa Market, Ashok Nagar, Mangaluru, Karnataka 575006', 8242453351, '', 'https://maps.app.goo.gl/xgPMX8bVK5QK5JkZ9'),
(312, 6, 2, 13, 'Apollo Pharmacy Mgroad Mangalore', 'No G/5, D No 4/3/419/6, Golden Orched, MG Rd, Mangaluru, Karnataka 575003', 8242493351, '', 'https://maps.app.goo.gl/Q97CiPrxV8KUo9nr7'),
(313, 6, 2, 13, 'Ganesh Medical Store', '14, Milagres Centre, Hampankatta, Mangaluru, Karnataka 575001', 9148749599, '', 'https://maps.app.goo.gl/ERUYjrNWL2FaqowC6'),
(314, 6, 2, 14, 'Janatha Medicals', 'H94V+4CV, NH 275, Gandhinagar, Sullia, Jattipalla, Karnataka 574239', 8257230677, '', 'https://maps.app.goo.gl/xwdZSLuDoh1quPt46'),
(315, 6, 2, 14, 'Ashok Medicals', 'Somayagi Complex, SH 88, Srirampete, Sullia, Jattipalla, Karnataka 574239', 9845007614, '', 'https://maps.app.goo.gl/b7YPirkzniasDwnA9'),
(316, 6, 2, 14, 'Swapna medical store', 'Main road, Kallugundi - Balembi Rd, near navami store, Sampaje, Sullia, Karnataka 574234', 8971152449, '', 'https://maps.app.goo.gl/jfzTAK7BujLWSvJE6'),
(317, 6, 2, 15, 'Apollo Pharmacy Temple Road Puttur', 'Door.No.2-952, Ground floor, GL Complex, Main Road, near Shri Laxmi Venkatramana Temple, Puttur, Karnataka 574201', 8251295020, '', 'https://maps.app.goo.gl/7yf3iR1nZwXAPeF96'),
(318, 6, 2, 15, 'Nethravathi Medicals & General Stores', 'Q59R+MX9, Main Road, Bolwar, Puttur, Karnataka 574201', 9844534791, '', 'https://maps.app.goo.gl/31Ca3ukk4qiddhea7'),
(319, 6, 2, 15, 'Sharada Medical Store', '1-2 Nellikatte, Main Road, Puttur, Karnataka 574201', 9900617656, '', 'https://maps.app.goo.gl/dNjSHP2vUobtmWRj8'),
(320, 6, 2, 16, 'Apollo Pharmacy', 'Gr Flr, Sy No 84, SN 1, Property No 14/3/218, WN 4, opposite Bus Stand, 2C2B2, Belthangady, Karnataka 574214', 8256234069, '', 'https://maps.app.goo.gl/6oaAMqSEb2dCQkdu6'),
(321, 6, 2, 16, 'CHIKITSA Medicals', 'near Bus Stand, Aladangady, Belthangady, Karnataka 574214', 87340036512, '', 'https://maps.app.goo.gl/MUxU6FhdpWwfdr19A'),
(322, 6, 2, 16, 'Ganesh Medicals', 'X7QG+H72, Ground Floor Monthi Arcade, Main Road, Belthangady, Karnataka', 6792301129, '', 'https://maps.app.goo.gl/hTZYgzSYXpU6b2Ub7'),
(323, 6, 2, 17, 'Chaithanya Medical Stores', 'Opposite to Mahaveera College, venoor, road, Mudbidri, Karnataka 574197', 8296848973, '', 'https://maps.app.goo.gl/4T5sQwsUxkKzYw76A'),
(324, 6, 2, 17, 'Apollo Pharmacy ', 'PN 6/501/1, Sy No 6/4/95, Shop No 1 Marpady, Road, Mudbidri, Karnataka 574227', 8258238535, '', 'https://maps.app.goo.gl/FsJYjaALUN4QsVQP6'),
(325, 6, 2, 17, 'Sri Saibaba Medical Stores', '3X9W+HF6, Kayarmanj Commercial Complex, Solapur - Mangalore Hwy, near Old Car Park, Mudbidri, Karnataka 574227', 9945759518, '', 'https://maps.app.goo.gl/WJKftdNG9Qjuwynj9'),
(326, 6, 2, 17, 'Moodabidri Medicals', '6, Alvas Hospital Rd, Mudbidri, Karnataka 574227', 9008117726, '', 'https://maps.app.goo.gl/Kw57d9YqLdcMD5Sr7'),
(327, 6, 2, 18, 'MedPlus ', 'Ward No.6, Shop No.1 Property No.22-6-188/B-0-2 Khatha No.8-222, Opp, Durga Car Street, Bantwal, Karnataka 574211', 9901536703, '', 'https://maps.app.goo.gl/fANKYHXd88ekMDXj8'),
(328, 6, 2, 18, 'Apollo Pharmacy ', 'Shop.No.2, Carstreet Main Road, near Venkataramana temple, Bantwal, Karnataka 574211', 8255295676, '', 'https://maps.app.goo.gl/oRwbgH5YcovcfLGN6'),
(329, 6, 2, 18, 'HEALTH FIRST MEDICALS', 'BC Rd, B.C Road, Bantwal, Karnataka 574211', 9632297432, '', 'https://maps.app.goo.gl/tukue7ptL4v5DPjY8'),
(330, 6, 2, 19, 'Laxmi Ayurvedic Store', 'Opp Old Police station, Panchamahal Road, Mulki, Karnataka 574154', 6363599746, '', 'https://maps.app.goo.gl/FRy4YCXb4eurV2je7'),
(331, 6, 2, 19, 'Medical Store', '3QRP+7WG, NH 66, Karnad, Mulki, Hejamadi, Karnataka 574154', 8693235815, '', 'https://maps.app.goo.gl/tiNrri8V5YECUhg38'),
(332, 6, 2, 19, 'G M Medicals', '3QRP+6X6, Edapally - Panvel Hwy, Karnad, Mulki, Kilpady, Karnataka 574154', 7571829341, '', 'https://maps.app.goo.gl/EuJaHxPogvBuDmX38'),
(333, 6, 2, 20, 'TULUNADA SURYA MEDICAL STORES', 'QVQ6+39Q, Beeri Derlakatte Rd, Someshwar Village, Ullal, Karnataka 575022', 928371178, '', 'https://maps.app.goo.gl/GvxzmyeDWUiAYNBdA'),
(334, 6, 2, 20, 'NEW MASTER MEDICAL', 'Kumpala Rd, Mangaluru, Ullal, Karnataka 575022', 8792249331, '', 'https://maps.app.goo.gl/xRnN76xijMZ8s93y8'),
(335, 6, 2, 20, 'Sahara Medicals', 'RR9R+X89, Ullal, Karnataka 575020', 9387195476, '', 'https://maps.app.goo.gl/FQZZARDGTTPn7tKq7'),
(336, 6, 2, 21, 'Shirdi Baba Medical Stores', 'Opp. Wenlock Hospital, Hampankatta, Mangaluru, Karnataka 575001', 8242444844, '', 'https://maps.app.goo.gl/3DzhKAEyvecPVw228'),
(337, 6, 2, 21, 'New city medicals', 'Falnir Rd, Bendoor, Kadaba, Mangaluru, Karnataka 575001', 8073900439, '', 'https://maps.app.goo.gl/becbfKBv5fLXsJ1j8'),
(338, 6, 3, 22, 'svastha medical ', 'Udupi, Santhekatte, Karnataka 575014', 9448908340, '', 'https://maps.app.goo.gl/N3NSzViD97uhVMES6'),
(339, 6, 3, 22, 'Apollo Pharmacy', 'Municipal Centre, No 6, Okude Towers 8/1, 17886, Kunjibettu, Udupi, Karnataka 576102', 8204290546, '', 'https://maps.app.goo.gl/tM6TVJTPKf2Rascy9'),
(340, 6, 3, 22, 'Radha Medicals,', '8PVX+Q85, Ground Floor, Raj towers, opp city bus stand, Udupi, Karnataka 576101', 8204292599, '', 'https://maps.app.goo.gl/Smx56zUdj8zNSbnq7'),
(341, 6, 3, 22, 'Mysore Medical Stores', 'Brahmagiri, Udupi, Karnataka 576101', 8202520678, '', 'https://maps.app.goo.gl/NL1mr88yJ6PkGbvN8'),
(342, 6, 3, 23, 'SHIVA MEDICALS', '1 Padibidri Karkala Road Kedinje Manjarpalke, Karkala, Karnataka 576111', 9481317122, '', 'https://maps.app.goo.gl/iJn1MvPtYEyMuSsz8'),
(343, 6, 3, 23, 'Amruth Medicals', 'Bus Stand, 3 Palli Road Palli Junction, near Canara Bank, Karkala, Karnataka 574116', 9880739531, '', 'https://maps.app.goo.gl/vQLADbSPV4fFe9UU9'),
(344, 6, 3, 23, 'Star Medical', 'Sherigar Complex Taluk Office Road, Karkala, Karnataka 574104', 9482118593, '', 'https://maps.app.goo.gl/a6vTHwspqwHXWyVDA'),
(345, 6, 3, 24, 'Mysore Ayurvedic Medicals', '8PRX+67P, Thenkpete, Maruthi Veethika, Kundapur, Udupi, Karnataka 576101', 9480103262, '', 'https://maps.app.goo.gl/pzd7fx8vafgc9ev29'),
(346, 6, 3, 24, 'Wellness Forever Pharmacy ', 'Circle, Ground Floor, GSR Square Cakewala Building, Parijatha, Kundapura, Karnataka 576201', 8655803671, '', 'https://maps.app.goo.gl/ijQbq8Ey5Tntq3fd7'),
(347, 6, 3, 24, 'Medcare Medicals', 'Udupi - Hebri Rd, Thenkpete, Maruthi Veethika, Kundapur, Udupi, Karnataka 576101', 8202522288, '', 'https://maps.app.goo.gl/pMgbk7PhhYXob1Em7'),
(348, 6, 3, 25, 'SRI KRISHNA MEDICALS ', '7-215 Moorasthe, Hebri - Brahmavar Rd, Hebri, Karnataka 576112', 7259671412, '', 'https://maps.app.goo.gl/u7uecyKLKosXFbS49'),
(349, 6, 3, 25, 'Shri Raghavendra Medicals', 'FX5Q+FQ9, Hebri, Karnataka 576112', 9986511990, '', 'https://maps.app.goo.gl/ovLeUznSFD3THiPA7'),
(350, 6, 3, 25, 'Mahalasa Medicals', 'FX5R+G9G, Hebri, Karnataka 576112', 7299147591, '', 'https://maps.app.goo.gl/4d6m8Fgr2RytFcuJ8'),
(351, 6, 3, 26, 'Apollo Pharmacy', 'Property No.3-295/11, Ground Floor, NH66, opp. Karnataka Bank, Baindur, Karnataka 576214', 8217882921, '', 'https://maps.app.goo.gl/L18NE4rxYeysq61M8'),
(352, 6, 3, 26, 'Prabhu Medicals', 'Sohan Residency, Perdur, Karnataka 576124', 9845456047, '', 'https://maps.app.goo.gl/8bwNEzgvZV8Uv6EL6'),
(353, 6, 3, 26, 'Vidya Medicals', 'market. 917259136263, opp. Shirva, Shirva, Karnataka 574116', 7259136263, '', 'https://maps.app.goo.gl/RZr517GvWMrazaSq7'),
(354, 6, 3, 27, 'Shri Vittal Medicals', 'near Bus Stand, Bramavara, Karnataka 576213', 9964499046, '', 'https://maps.app.goo.gl/S6dDPu2o5qZWbtUH9'),
(355, 6, 3, 27, 'Apollo Pharmacy', 'Shop No.1, Ground Floor, Bus Stand, 2-69/1, Valentine Residency Rd, opp. Brahmavara, Bramavara, Karnataka 576213', 8494211733, '', 'https://maps.app.goo.gl/qtBC2hvm1TZqmYa99'),
(356, 6, 3, 27, 'SPOORTHI MEDICAL', '1/2 Taluk Office Road, Bramavara, Karnataka 576213', 7483898662, '', 'https://maps.app.goo.gl/Z7Da6PCrDtdfrXkp7'),
(357, 6, 3, 28, 'Wellness Forever Pharmacy', 'Door no. 8, Revenue Village  Shivalli, 3-131 B & B1, opp. Mandovi Times Square Mall, Kalsanka, Udupi, Karnataka 576102', 8655608540, '', 'https://maps.app.goo.gl/atpTfNznUHQoAwaF6'),
(358, 6, 3, 28, 'KAUP MEDICALS', 'Kaup, Karnataka 574106', 8861619123, '', 'https://maps.app.goo.gl/Vfpv7XTe7avfjDkU8'),
(359, 8, 1, 3, 'Mirjan Fort', 'FCQ9+P2P, talluk, Mirjan Fort Road, Mirjan, Karnataka 581333', 8022352828, '', 'https://maps.app.goo.gl/9fqsk4S2R6T5b8mFA'),
(360, 8, 1, 3, 'Shri Mahabaleshwara Temple (Gokarna)', 'Koti Teertha Rd, Kotiteertha, Dandebagh, Gokarna, Karnataka 581326', 0, '', 'https://maps.app.goo.gl/6hsaBSfgEZM1jPGn6'),
(361, 8, 1, 3, 'Baada Beach', 'F98F+7GQ, Baad Beach, Gudeangadi, Kumta, Karnataka', 9902240209, '', 'https://maps.app.goo.gl/Ka4zUPJELhgg5aSF8'),
(362, 8, 1, 4, 'Eco Beach', 'Kasarkoda, Karnataka 581334', 9844621837, '', 'https://maps.app.goo.gl/1Jovzj62ayYAB3qq8'),
(363, 8, 1, 4, 'Apsarakonda Waterfalls', '6CJW+6H2, Apsarkonda Rd, Apsarkonda, Kelaginuru, Karnataka 581342', 8022352828, '', 'https://maps.app.goo.gl/r7Dy278wLu7igYVZA'),
(364, 8, 1, 4, 'Sharavathi Kandla Mangrove Boardwalk', 'Honnavar, Kasarkoda, Karnataka 581334', 8975322612, '', 'https://maps.app.goo.gl/tNyAG6rhQxa1mkr47'),
(365, 8, 1, 2, 'Shri Aryadurga Devi Temple', ' M846+333, Mathakeri Rd, Ankola, Karnataka 581314', 8388230412, '', 'https://maps.app.goo.gl/jwCK2pDosQsveDVt8'),
(366, 8, 1, 2, 'Nadhibag Beach', 'J7XM+45C, Ankola, Karnataka 581314', 0, '', 'https://maps.app.goo.gl/oy856mzAH6SQURnGA'),
(367, 8, 1, 2, ' INS Chapal (K94) Warship Museum', 'R47G+QR7, NH 66, Kodibag, Karwar, Karnataka 581301', 9867791793, '', 'https://maps.app.goo.gl/5RiWfsW9HXWs2hKF7'),
(368, 8, 1, 1, 'Karwar Beach', 'NH 66, Tariwada, Kodibag, Karwar, Karnataka 581301', 8022352828, '', 'https://maps.app.goo.gl/JW2ggoV5oK4ydCzS7'),
(369, 8, 1, 1, 'Shri Shejjeshwara Swamy Temple', 'po, shejwad) kaiga, road, Karwar, Karnataka 581306', 9448778199, '', 'https://maps.app.goo.gl/FBsh8WXGNUiZnk676'),
(370, 8, 1, 5, 'Sri Chitrapur Math', '2GJP+F27, near chitrapur railway station, Edapally - Panvel Hwy, Karnataka 581354', 8385258368, '', 'https://maps.app.goo.gl/eAJGsxB47NcawsXf8'),
(371, 8, 1, 5, 'Kadavinakatte Dam', 'Kadavinakatte Cross, Sagar Road, Kargedde, Bhatkal, Karnataka 581354', 8022352828, '', 'https://maps.app.goo.gl/4e64cSrRN88FDawb9'),
(372, 8, 1, 5, 'Nastaar Beach', 'XG6R+V65, Bhatkal, Karnataka 581320', 0, '', 'https://maps.app.goo.gl/mFnGJPKFuWu1L8Gh7'),
(373, 8, 1, 6, 'Shri Marikamba Devi Temple', 'Sirsi-Banavasi Rd, Sirsi, Karnataka 581402', 8384226360, '', 'https://maps.app.goo.gl/TyZD4uNkQvKDAPir9'),
(374, 8, 1, 6, 'Sahasralinga', 'PR94+WXV, Sadashivalli, Karnataka 581402', 0, '', 'https://maps.app.goo.gl/7ujv7Jn6eoVoPC7WA'),
(375, 8, 1, 6, 'Banavasi Sri Kadambeshwara temple ', 'G2M8+WW3, Near madukeshwara temple, Banavasi, Karnataka 581318', 0, '', 'https://maps.app.goo.gl/dbMbfXDkbxrKAWdw9'),
(376, 8, 1, 6, 'Unchalli Falls', 'CP5W+8MH, Unchalli, Karnataka 581331', 0, '', 'https://maps.app.goo.gl/aSdQr5xUA2c8pu66A'),
(377, 8, 1, 7, 'Burude Falls', 'Illimane, Burude falls road, Siddapura, Karnataka 581355', 9353269620, '', 'https://maps.app.goo.gl/jFHfider1LG3eyKa7'),
(378, 8, 1, 7, 'Dabbe Falls', 'Sagara, Karnataka 577401', 0, '', 'https://maps.app.goo.gl/SziM1yfpRK35oBAh7'),
(379, 8, 1, 8, 'Sathodi Falls', 'Balagar, Karnataka 581337', 0, '', 'https://maps.app.goo.gl/F9ANKe99ggxJgFhV9'),
(380, 8, 1, 8, 'Magod Water Falls', 'RQX2+RM3, Magod falls Road, Magod, Karnataka 581359', 0, '', 'https://maps.app.goo.gl/k2nroJEyeHoKsZdy7'),
(381, 8, 1, 9, 'Mundgod Tibetan Camp', 'X2R2+HQ5, Lama Camp 1, Mundgod, Teginkoppa, Karnataka 581349', 0, '', 'https://maps.app.goo.gl/bMivQ88dHQgbfj5u5'),
(382, 8, 1, 12, 'Anshi National Park', 'X9X5+6FQ, Kodthalli, Karnataka 581187', 0, '', 'https://maps.app.goo.gl/Nph6WB5YW6QpXz8y9'),
(383, 8, 1, 12, 'Syntheri Rocks', '3GMF+MM3, Gund, Karnataka 581186', 0, '', 'https://maps.app.goo.gl/NQb8hsq7MYfvPun49'),
(384, 8, 2, 13, 'Panambur Beach', 'Mangaluru, Karnataka', 0, '', 'https://maps.app.goo.gl/xdxoVqVYFzip89Az5'),
(385, 8, 2, 13, 'Kadri Shree Manjunatha Temple', 'Kadri Rd, Vasanth Vihar, Kadri, Mangaluru, Karnataka 575002', 8242214176, '', 'https://maps.app.goo.gl/917RKWY8CvJ4w8uUA'),
(386, 8, 2, 13, 'St. Aloysius Chapel', 'P B No 720, P, B 720, St Aloysius College Rd, Kodailbail, Mangaluru, Karnataka 575003', 8242449749, '', 'https://maps.app.goo.gl/EhmoayqsuWJS7YeZ6'),
(387, 8, 2, 14, 'Kukke Shri Subrahmanya Swamy Temple', 'Subrahmanya Post, Kadaba, Taluk, Subramanya, Karnataka 574238', 8257281224, '', 'https://maps.app.goo.gl/vQeqDvEBrKE9Ashe6'),
(388, 8, 2, 14, 'Chamadka falls', 'JCGP+5F, Kukkujadka, Karnataka 574248', 0, '', 'https://maps.app.goo.gl/t8HCAhXLCnEPLF198'),
(389, 8, 2, 15, 'Shri Laxmi Venkatramana Temple Puttur', 'Puttur, Karnataka 574201', 7338432467, '', 'https://maps.app.goo.gl/FWXvXoVNP4ay45gS7'),
(390, 8, 2, 16, 'Bandaje Falls', 'Valambra Kishore, Kadivithwara, Village, Belthangady, Karnataka 574214', 9901939829, '', 'https://maps.app.goo.gl/V8Q9Vpn9dFSm1vco8'),
(391, 8, 2, 16, 'Shree Shishileshwara Temple', 'WG73+7JW, Shishila, Karnataka 574198', 0, '', 'https://maps.app.goo.gl/XAEZ16w6DeNsEpgp9'),
(392, 8, 2, 17, 'Thousand Pillar temple', '3XFX+QJ5, Solapur - Mangalore Hwy, Mudbidri, Karnataka 574227', 0, '', 'https://maps.app.goo.gl/qy88Six2dZ78h7Ze6'),
(393, 8, 2, 17, 'Hosanadu Kodyadka Annapoorneshwari Temple', 'Hosanadu Kodyadka, Mithabail post mangalore, taluk, Mudbidri, Karnataka 574226', 6362805958, '', 'https://maps.app.goo.gl/dL4SWwnCV4YVFQRX6'),
(394, 8, 2, 18, 'Narahari Hill', 'Bantwal, Karnataka 574231', 0, '', 'https://maps.app.goo.gl/MRnaYNLkHaetszRJ8'),
(395, 8, 2, 18, 'Sri Karinjeshwara Temple', 'W47H+J8P, Karinjeshwara Rd, Kavalpadur, Karnataka 574265', 8022352828, '', 'https://maps.app.goo.gl/rHnZZ1bsS55B36eQ9'),
(396, 8, 2, 19, 'Bappanadu Sri Durga Parameshwari Temple', 'Bappanadu guthu, Bappanaadu Temple Road, Bappanaadu Temple Rd, Mulki, Karnataka 574154', 0, '', 'https://maps.app.goo.gl/EDxZWbua78aANzH98'),
(397, 8, 2, 19, 'Shree Venkataramana Temple', '3QVX+CM9, Karnad, Mulki, Karnataka 574154', 8242290521, '', 'https://maps.app.goo.gl/74zZpYoSpC1aLg476'),
(398, 8, 2, 20, 'Ullal Beach', 'Ullal, Karnataka 575020', 0, '', 'https://maps.app.goo.gl/m4qmVqpQ65V3rjMR8'),
(399, 8, 2, 20, 'SWAMI KORAGAJJA ADHISTHALA KUTHAR', '2nd Cross Rd, Permanur, Permannur, Ullal, Karnataka 575017', 9606318169, '', 'https://maps.app.goo.gl/6tj4ST1f536Va7E36'),
(400, 8, 2, 21, 'Sowthadka Shri Mahaganapati Temple', 'V9CX+W6W, Belthangady, Kokkada, Karnataka 574198', 0, '', 'https://maps.app.goo.gl/2Zv1YWozxmPaZCfb8'),
(401, 8, 2, 21, 'Sri Kshetra Dharmasthala Manjunatha Swamy Temple', 'Sri Kshetra, Dharmasthala, Karnataka 574216', 8256266666, '', 'https://maps.app.goo.gl/kx34gpxirP1tedMt7'),
(402, 8, 3, 22, 'Udupi Shri Krishna Matha ', 'Temple Car St, Sri Krishna Temple Complex, Thenkpete, Maruthi Veethika, Udupi, Karnataka 576101', 8123430895, '', 'https://maps.app.goo.gl/9RKPBhWJ4ieSUKVR6'),
(403, 8, 3, 22, 'Corporation Bank Heritage Museum', '8QV2+448, Corporation Bank Road, Thenkpete, Maruthi Veethika, Udupi, Karnataka 576101', 0, '', 'https://maps.app.goo.gl/Tzm2AqoSRuse44v49'),
(404, 8, 3, 22, 'Mattu Beach', 'Udupi, Karnataka 574118', 0, '', 'https://maps.app.goo.gl/W1dWUv5ALD26LeaL7'),
(405, 8, 3, 23, 'Shri Chaturmukha Jaina Basadi', '6253+CXG, Market Rd, Karkala, Karnataka 574104', 0, '', 'https://maps.app.goo.gl/ty2FvQ8kDKuJcfnZA'),
(406, 8, 3, 23, 'Karkala Shri Gommateshwara Statue', 'Karkala, Karnataka 574104', 0, '', 'https://maps.app.goo.gl/RixsL2aVVibCUnap6'),
(407, 8, 3, 23, 'Anekere Lake', 'Karkala, Karnataka 574104', 0, '', 'https://maps.app.goo.gl/96arXu5ETVnqMnzR7'),
(408, 8, 3, 24, 'Maravanthe beach', 'Kundapur, Karnataka 576235', 0, '', 'https://maps.app.goo.gl/kaLatjoeavyMpR979'),
(409, 8, 3, 24, 'Prasanna Anjaneya Temple', 'JM4R+8VJ, Hangalur, Karnataka 576217', 0, '', 'https://maps.app.goo.gl/gNUStvPJ4UPPBt1L7'),
(410, 8, 3, 24, 'Sri Chandika Durgaaparameshwari Gudi', 'NH-66, Shri Chandikadurgaparameshwari Temple, Kumbashi, Kundapura, Udupi District, Kundapura, Karnataka 576257', 8660867969, '', 'https://maps.app.goo.gl/fUcLckZMiQVoD5XW8'),
(411, 8, 3, 25, 'Relax Leisure Park', 'Galadkatte, Uppinakote Varamballi Village Brahmavara Post, Karnataka 576213', 9845210136, '', 'https://maps.app.goo.gl/UF5DrbwtCt2PGofU8'),
(412, 8, 3, 25, 'Someshwara Beach Byndoor', 'Someshwara Temple, Someshwara Temple Rd, Baindur, Paduvari Proper, Karnataka 576214', 0, '', 'https://maps.app.goo.gl/UnjYSGSGmuvkcALDA'),
(413, 8, 3, 25, 'Someshwara Beach Byndoor', 'Someshwara Temple, Someshwara Temple Rd, Baindur, Paduvari Proper, Karnataka 576214', 0, '', 'https://maps.app.goo.gl/UnjYSGSGmuvkcALDA'),
(414, 8, 3, 26, 'Sri Seneshwara Temple, Baindoor', 'VJ9G+555, Baindur, Yedthare, Karnataka 576214', 0, '', 'https://maps.app.goo.gl/rCiJc8RvvHqcwgfY8'),
(415, 8, 3, 26, 'Kshitija Nesara Dhama', 'Paduvari Proper, Karnataka 576214', 0, '', 'https://maps.app.goo.gl/4qBU3fMpTTMw9dFb7'),
(416, 8, 3, 27, 'Bengre Beach', 'CMXW+V3C, Bengre Estuary,, Kodi Bengare, Karnataka', 0, '', 'https://maps.app.goo.gl/58dqFp6veHxYUxfb8'),
(417, 8, 3, 28, 'Hasta Shilpa Heritage Village Museum', 'Hasta Shilpa Heritage Village Museum Opp: Hotel Lake View, Alevoor - Manipal Rd, near Christ Church, Manipal, Karnataka 576104', 8202574577, '', 'https://maps.app.goo.gl/1nXQa9M4Jf4iU1rFA'),
(418, 2, 1, 3, 'Kumata Govt Hospital', 'CC98+P52, Kumta, Karnataka 581343', 8386222021, '', 'https://maps.app.goo.gl/U74ajtgPKNLYJVfy5'),
(419, 2, 1, 3, 'Achyut Pandit Hospital', 'Kumbeshwar Temple Road, Kumta', 9945271719, 'achutpandithospital@gmail.com', 'https://maps.app.goo.gl/EX4aH4u2pt8bGCQ18'),
(420, 2, 1, 3, 'Achyut Pandit Hospital', 'Kumbeshwar Temple Road, Kumta', 9945271719, 'achutpandithospital@gmail.com', 'https://maps.app.goo.gl/EX4aH4u2pt8bGCQ18'),
(421, 2, 1, 3, 'Achyut Pandit Hospital', 'Kumbeshwar Temple Road, Kumta', 9945271719, 'achutpandithospital@gmail.com', 'https://maps.app.goo.gl/EX4aH4u2pt8bGCQ18'),
(422, 2, 1, 3, 'Lions Revankar Charitable Eye Hospital', 'Vidyagiri Baggon Road Kumta', 9448221383, 'lionstrust@yahoo.com', 'https://maps.app.goo.gl/ZATypqoAwPP7HHSDA'),
(423, 2, 1, 1, 'SHETTY EYE HOSPITAL', 'Green Street, near Hotel Premier, Karwar, Karnataka 581301', 7026996049, 'shettyeyehospital@gmail.com', 'https://maps.app.goo.gl/wcd3ZxJWX1nATD5bA'),
(424, 2, 1, 1, 'CIVIL Hospital, KIMS, Karwar', 'R48H+WMF, Kodibag, Karwar, Karnataka 581301', 8901156299, 'civilhospital@gmail.com', 'https://maps.app.goo.gl/NYt3Y8UfoZB6AAds9'),
(425, 2, 1, 1, 'Savant Hospital', 'R4CJ+7VJ, Kodibag Rd, Kajubagh, Kodibag, Karwar, Karnataka 581301', 9385911367, 'savanthospital@gmail.com', 'https://maps.app.goo.gl/PieKvToBMLADhmyX8'),
(426, 2, 1, 2, 'R N Nayak Hospital & MRC, Ankola', 'Sundar Narayan Temple Rd, Ankola, Karnataka 581314', 8277520000, 'rnnayak@gmail.com', 'https://maps.app.goo.gl/uk1y3rZxJh89zT3U7'),
(427, 2, 1, 2, 'Taluk Government Hospital', 'M863+89C Government Hospital, Ankola, Karnataka 581314', 9622139513, '', 'https://maps.app.goo.gl/CyXvFw67F2Bu2pdc6'),
(428, 2, 1, 2, 'Cma hospital', 'C. M . A Hospital Main Road Ankola, Ankola, Karnataka 581314', 824611827, '', 'https://maps.app.goo.gl/dPEnMUMrPx8bJgSU7'),
(429, 2, 1, 4, 'Govt Hospital, Honavar', '7CGV+V9Q, Govt hospital road, Village Salkod, Dist, Honnavar, Karnataka 581334', 8211932833, '', 'https://maps.app.goo.gl/g6Au44NGCUdDNC8D6'),
(430, 2, 1, 4, 'Sridevi Multispeciality Hospital', '7CGV+QXH, Bandar Rd, Honnavar, Karnataka 581334', 8387220430, '', 'https://maps.app.goo.gl/zfNxLMuqJ5bgFrLdA'),
(431, 2, 1, 4, 'St. Ignatius Hospital', '7FP3+R9X, Prabhat Nagar Road, Honnavar, Karnataka 581334', 8387220345, '', 'https://maps.app.goo.gl/xXDzTa79Z9uQeoB28'),
(432, 2, 1, 5, 'Bhatkal Taluka Government Hospital', 'XHW3+X5J, Sante Market Road (Sagar, Road, Bhatkal, Karnataka 581320', 0, '', 'https://maps.app.goo.gl/xB7JwNx9AfZP8GWm9'),
(433, 2, 1, 5, 'Welfare Hospital Bhatkal', 'Sultan St, Soosgadi, Bhatkal, Karnataka 581320', 8385226368, '', 'https://maps.app.goo.gl/34j6zLt2S9fLn16Q6'),
(434, 2, 1, 5, 'Life care hospital', '2G3P+PR9, Usmania Colony, Nawayath Colony, Bhatkal, Karnataka 581320', 0, '', 'https://maps.app.goo.gl/TEWft5EqCQionbE5A'),
(435, 2, 1, 6, 'Mahalaxmi Memorial Hospital', 'SH 93, Devikere, Sirsi, Karnataka 581401', 9243367888, '', 'https://maps.app.goo.gl/9WJVpmKs9zSxUrKS6'),
(436, 2, 1, 6, 'Govt Hospital Sirsi', 'JR8H+7WP Government Hospital, Sirsi, Karnataka 581401', 8933618327, '', 'https://maps.app.goo.gl/24SB5jCkBQkBqhWG8'),
(437, 2, 1, 6, 'H.K.H Memorial Prashanti Hospital', 'JRFQ+FF7, Vinayak Colony Main Rd, Vinayak Colony, Sirsi, Karnataka 581402', 8277538874, '', 'https://maps.app.goo.gl/KRQuE4DLM5LVNi6h9'),
(438, 2, 1, 7, 'Varsha Hospital', 'Ward No 6, No 12, Joga Road, near Sagar Circle, Hosur, Siddapur, Karnataka 581355', 6361341855, '', 'https://maps.app.goo.gl/5jnYkgkDLuWP2ddY9'),
(439, 2, 1, 7, 'Govt Hospital Siddapur', 'Govt Hospital Siddapur', 8389230195, '', 'https://maps.app.goo.gl/SE34qnPuBYK96hsr7'),
(440, 2, 1, 8, 'Dr.Kanni Hospital', 'Yellapur, Karnataka 581359', 8372291882, '', 'https://maps.app.goo.gl/Qtb89zLF5zKQTvXG7'),
(441, 2, 1, 8, 'Govt Hospital Yellapur', 'XPC8+4C3, Karnataka 581359', 9381772936, '', 'https://maps.app.goo.gl/fr44V8M4eGPVhc7m9'),
(442, 2, 1, 9, 'Sanjeevini Hospital', 'X2CV+334, SH 6, Mundgod, Karnataka 581349', 9388190024, '', 'https://maps.app.goo.gl/rqafSjGoXFHuvRPd7'),
(443, 2, 1, 9, 'Mundgod Talluka Hospital', 'X2FR+M85, Mundgod, Karnataka 581349', 0, '', 'https://maps.app.goo.gl/AcDvPx1Nqro7Fh2bA'),
(444, 2, 1, 10, 'Government Taluka Hospital', 'Dharwad Rd, near Shivaji College, Karwar, Haliyal, Karnataka 581329', 8284220165, '', 'https://maps.app.goo.gl/PZdCR3EWFWxpp8CdA'),
(445, 2, 1, 10, 'Mudabagil Hospital', '8QJ7+WQQ, SH 46, Haliyal, Karnataka 581329', 0, '', 'https://maps.app.goo.gl/KDeUCRsA4natp7z9A'),
(446, 2, 1, 12, 'E.S.I Hospital', 'Dandeli, Karnataka 581325', 1800112526, '', 'https://maps.app.goo.gl/JdYXPzAwnwRQHamdA'),
(447, 2, 1, 12, 'SHEKHAR HOSPITAL', '14th Block, J.N.Road, behind Double Building, Dandeli, Karnataka 581325', 8284233773, '', 'https://maps.app.goo.gl/a94ugCFmZpBHdgeG9'),
(448, 2, 2, 13, 'A.J. Hospital & Research Centre', 'NH 66, Kuntikana, Mangaluru, Karnataka 575004', 8242225533, '', 'https://maps.app.goo.gl/tcFiz7yYceSqjTbz6'),
(449, 2, 2, 13, 'Indiana Hospital & Heart Institute (IHHI)', 'Pumpwell, Mangaluru, Karnataka 575007, Mangaluru, Karnataka 575002', 8242880880, '', 'https://maps.app.goo.gl/zcnLwVqR9PcHngFUA'),
(450, 2, 2, 13, 'Unity Hospital', 'Unity Care and Health Services Pvt Ltd., P.B No.535, Highlands, Mangaluru, Karnataka 575002', 8244245555, '', 'https://maps.app.goo.gl/PZ7FjQKqT2RavbWW7'),
(451, 2, 2, 14, 'S.C.S.Hospital', 'Balmatta, Bendoorwell Main Rd, Mangaluru, Karnataka 575002', 8244011111, '', 'https://maps.app.goo.gl/wKdizRix4at8NMdf9'),
(452, 2, 2, 15, 'Puttur City Hospital', 'APMC ROAD, Puttur, Karnataka 574201', 8251237781, '', 'https://maps.app.goo.gl/gTzp3QywXvhDd7PDA'),
(453, 2, 2, 15, 'Adarsha Hospital', 'Q685+35P, APMC ROAD, Puttur, Karnataka 574201', 8251235065, '', 'https://maps.app.goo.gl/bn8fWByzzS6Qv5ov9'),
(454, 2, 2, 16, 'Jyothi Hospital', 'LAILA , Belthangady 574214, Belthangady, Karnataka 574216', 8256233939, '', 'https://maps.app.goo.gl/WaWgUuW6i3QzAZXM6'),
(455, 2, 2, 16, 'Damodar Hospital', 'X7RM+RW5, Mangalore-Belthangady Hwy, Belthangady, Karnataka 574214', 0, '', 'https://maps.app.goo.gl/7yT9EdDMDMXXp6R17'),
(456, 2, 2, 17, 'Mount Rosary Hospital', 'Alangar, Mudbidri, Karnataka 574227', 9845892925, '', 'https://maps.app.goo.gl/o6qSpr13PUuzxU8H9'),
(457, 2, 2, 17, 'G.V.Pai Memorial Hospital', 'SH64A, Mudbidri, Karnataka 574227', 9811758290, '', 'https://maps.app.goo.gl/FZaQPnvfH3tcNd7n9'),
(458, 2, 2, 18, 'Somayaji Hospital', '112, Jadumarg, near to Hotel Priyadarshini, B.C Road, Mangaluru, Bantwal, Karnataka 574219', 9448409493, '', 'https://maps.app.goo.gl/z9FYZgwdrd9xt49j9'),
(459, 2, 2, 18, 'Government Hospital', 'V2VR+J9P, Bantwal, Amtady, Karnataka 574211', 8255233332, '', 'https://maps.app.goo.gl/ivG7rLgHJ5SeYmsa7'),
(460, 2, 2, 19, 'Government Hospital Mulki', '3QPR+WWJ, Karnad, Mulki, Hejamadi, Karnataka 574154', 0, '', 'https://maps.app.goo.gl/37vQWa9AYVhuLqUWA'),
(461, 2, 2, 19, 'Srinivas Hospital', '2QCR+MQ5, Srinivas Integrated Campus, Mukka, Srinivasnagar, Surathkal, Mangaluru, Karnataka 575021', 8242478586, '', 'https://maps.app.goo.gl/eF7byJPhTW2akFN4A'),
(462, 2, 2, 20, 'Padmavathi Hospital', 'Corporation, Surathkal Opas, opposite Mangalore, Surathkal, Mangaluru, Karnataka 575014', 8242476600, '', 'https://maps.app.goo.gl/eXHhSdARZBv3K4Ma8'),
(463, 2, 2, 20, 'Nirmala Hospital', 'Near, Abbakka Cir, Azad Nagar, Ullal, Karnataka 575020', 8242465692, '', 'https://maps.app.goo.gl/MbCpb4RXG6vVTzsP9'),
(464, 2, 3, 22, 'New City Hospital', 'Kudla, Vidyaranya Marg, Opposite Shanishwara Temple, Udupi, Karnataka 576101', 9342749251, '', 'https://maps.app.goo.gl/V8sd9TfmdnZWrio38'),
(465, 2, 3, 22, 'Adarsha Hospital', 'Near KSRTC Bus stand, Udupi, Karnataka 576101', 8202702100, '', 'https://maps.app.goo.gl/X9A7zoX9dkaTt93w9'),
(466, 2, 3, 22, 'Nitte Gajria Hospital', '62G8+738, Tellar Rd, Sheshadri Nagar, Karkala, Karnataka 574104', 9972015635, '', 'https://maps.app.goo.gl/odKzxRvFN6avWbc66'),
(467, 2, 3, 23, 'Dr.T.M.A. Pai Rotary Hospital', 'KMC Karkala, SH1, Karkala, Karnataka 574104', 9731601150, '', 'https://maps.app.goo.gl/AnpP7dpqBtaJwfUU8'),
(468, 2, 3, 24, 'Hitech Medicare Hospital', 'NH 66, Ambalpadi,  kundapur, Udupi, Karnataka 576103', 8202533331, '', 'https://maps.app.goo.gl/h1Xo1MbY52hwzbUK9'),
(469, 2, 3, 24, 'Mitra Hospital', '8QP2+Q5H, Old Post Office Rd, Kadekoppala, Chitpady, Udupi, Karnataka 576101', 8202520828, '', 'https://maps.app.goo.gl/2aRanCtasW5NzP718'),
(470, 2, 3, 25, 'Hitech Medicare Hospital', 'NH 66, Ambalpadi, Udupi, Karnataka 576103', 8202533331, '', 'https://maps.app.goo.gl/n1pdzJU5ft3ZxoVj7'),
(471, 2, 3, 25, 'Dr. A. V. Baliga Memorial Hospital', '6th Main V. M. Nagar, Doddangudde, Udupi, Karnataka 576102', 8202535299, '', 'https://maps.app.goo.gl/WhtSbqjja7DE2e3B7'),
(472, 2, 3, 26, 'Dr TMA Pai Hospital', '8PMW+3V4, Court Rd, opp. Old Taluk Office, Brahmagiri, Udupi, Karnataka 576101', 8202526501, '', 'https://maps.app.goo.gl/pja5GT8awPJwSRE28'),
(473, 2, 3, 27, 'Pranav Hospital', 'Gandhi Maidan, Near Handady Grama Panchayat, Handady, Bramavara, Karnataka 576213', 9632664999, '', 'https://maps.app.goo.gl/VQSjhQBWkBXVs1vKA'),
(474, 2, 3, 27, 'Government Hospital', '192, Edapally - Panvel Hwy, Bramavara, Karnataka 576213', 8202561300, '', 'https://maps.app.goo.gl/d8iSqd989ziHroCt7'),
(475, 2, 3, 28, 'Prashanth Hospital', 'Kaup, Udupi, Udupi, Mangalore, Karnataka 574106', 8242551234, '', 'https://maps.app.goo.gl/mBoHt24FMWNi9VBP7'),
(476, 2, 3, 28, 'CSI Lombard Memorial (Mission) Hospital', '76, Lombard Memorial Hospital Rd, near Mission Compound, Chitpady, Udupi, Karnataka 576101', 8202520334, '', 'https://maps.app.goo.gl/xzUeKBsjNfMj2AaV8'),
(477, 4, 1, 2, 'Samartha Theatre', 'Dr. Dinkar Desai Road, Ankola, Karnataka 581314', 0, '', 'https://maps.app.goo.gl/6YM2sQvkyrC5BGA3A'),
(478, 4, 1, 2, 'Manish Touri N Travels Ankola', 'Karwar Road, Ankola, Karnataka 581314', 8152942000, '', 'https://maps.app.goo.gl/emQzLrKmDvX1p3tM9'),
(479, 4, 1, 5, 'Pushpanjali Theatre', 'National Highway 17, Bhatkal, Karnataka 581320', 0, '', 'https://maps.app.goo.gl/9aNPtGqU6wA8xZY18'),
(480, 4, 1, 5, 'Lakshmi Theatre', 'Soosgadi, Bhatkal, Karnataka 581320', 0, '', 'https://maps.app.goo.gl/ZRF3uUf6TxQGohNt9'),
(481, 4, 1, 5, 'Venkatesh Theater', 'Shirali, Karnataka 581354', 0, '', 'https://maps.app.goo.gl/VCkpeCYAH8pxUME68'),
(482, 4, 1, 10, 'Basavaraj Theatre', 'Basavarj Galli, Haliyal, Karnataka 581329', 0, '', 'https://maps.app.goo.gl/w2BYK7gMU2sjAkDbA'),
(483, 4, 1, 10, 'Vanashree Cinema Hall', 'Alnavar, Karnataka 581103, India (13.2 km from Haliyal)', 0, '', 'https://maps.app.goo.gl/hQ8kSgD4ZBjKVMNj7'),
(484, 4, 1, 10, 'Vanashree Cinema Hall', 'Alnavar, Karnataka 581103, India (13.2 km from Haliyal)', 0, '', 'https://maps.app.goo.gl/hQ8kSgD4ZBjKVMNj7'),
(485, 4, 1, 4, 'Padmanjali Cinema Theatre', '7CHW+J65, Bank Rd, Honnavar, Karnataka 581334', 0, '', 'https://maps.app.goo.gl/sYhHKijFoxHYDpqK6'),
(486, 4, 1, 1, 'Nartaki Theatre', 'Nartaki Theatre, Main Road, Karwar, Karnataka, 581301', 8382226789, '', 'https://maps.app.goo.gl/T42amLH5GvqAbzhB6'),
(487, 4, 1, 1, 'Sri Shivaji Theatre', 'Sri Shivaji Theatre, Near Bus Stand, Karwar, Karnataka, 581301', 8382229876, '', 'https://maps.app.goo.gl/bs8vDjKZahbaupWBA'),
(488, 4, 1, 1, 'Sangam Theatre', 'Sangam Theatre, Market Road, Karwar, Karnataka, 581301', 8382221234, '', 'https://maps.app.goo.gl/JruWmFsgvNwphUnv9'),
(489, 4, 1, 9, 'Kumar Theater', 'Mundgod, Uttara Kannada, Karnataka 581349', 0, '', 'https://maps.app.goo.gl/qeZEgppuqpYNgtBD7'),
(490, 4, 1, 7, 'Mahalakshmi Theatre', ': Mahalakshmi Theatre, Main Road, Siddapur, Karnataka 581355', 9480993322, '', 'https://maps.app.goo.gl/4cf6g1cS7vPnGNVU6'),
(491, 4, 1, 6, 'Marikamba Theatre', 'Marikamba Theatre, Marikamba Temple Road, Sirsi, Karnataka 581401', 8384226246, '', 'https://maps.app.goo.gl/mw9Ly3y456TBE1d96'),
(492, 4, 1, 6, 'Nataraj Movie Hall', 'SH 93, CP Bazar, Sirsi, Karnataka 581401', 0, '', 'https://maps.app.goo.gl/P3gY72nZnEgb9dRZ9'),
(493, 4, 1, 8, 'Rangadhama Theater', 'JRFQ+X2P , Sirsi - Yellapur Rd, Sirsi, Karnataka 581401', 0, '', 'https://maps.app.goo.gl/QmcqD6yRd9EaGNv39'),
(494, 4, 1, 8, 'Navarang Theatre', 'Navarang Theatre, Yellapur Main Road, Yellapur, Karnataka 581359', 8362224222, '', 'https://maps.app.goo.gl/hKoYGLfci41fWCfU9'),
(495, 4, 1, 12, 'Shri Hari Talkies ', '7J39+HXW, J.N Rd, Dandeli, Karnataka 581325', 9483512345, '', 'https://maps.app.goo.gl/ku8M83ECGhyVyCMw9'),
(496, 4, 3, 24, 'Bharath Cinemas Kundapura', 'Beejadi, Karnataka 576222', 9980664040, '', 'https://maps.app.goo.gl/SD5w1kpzUdW9pBzi8'),
(497, 4, 3, 24, 'Vinayaka Theatre', 'JM6V+H29, Hangloor Proper, Kundapura, Karnataka 576217', 8254231614, '', 'https://maps.app.goo.gl/VVG4LtMVVfxm9K9FA'),
(498, 4, 3, 23, 'Planet Cinema', '6X7X+MWH, Karkala, Karnataka 574104', 0, '', 'https://maps.app.goo.gl/uY2wZjfPoBqK4w3u7'),
(499, 4, 3, 23, 'Radhika Theatre', 'Market Rd, Karkala, Karnataka 574104', 8258230918, '', 'https://maps.app.goo.gl/1npiTT7KKCp5Hewn9'),
(500, 4, 3, 22, 'Kalpana Theater', '8QP2+F58, Kadekoppala, Chitpady, Udupi, Karnataka 576101', 0, '', 'https://maps.app.goo.gl/HHhg3oDZrvF57C4Y9'),
(501, 4, 3, 22, 'Alankar Theatre', 'survey no 126, 13, Kavi Muddanna Marg, Brahmagiri, Udupi, Karnataka 576101', 0, '', 'https://maps.app.goo.gl/Wyhme6SPrgsFesbg9'),
(502, 4, 3, 25, 'Bharath Cinemas', 'Canara Mall, 3rd Floor, Manipal - Hebri, Main Road, Eshwar Nagar, Manipal, Karnataka 576104', 7338223030, '', 'https://maps.app.goo.gl/XCLJUaF3vbKrihU66'),
(503, 4, 3, 27, 'Inox Central Cinemas', '1st Floor, Central Cinemas Laxmindra Nagar, Udupi Main Road, Manipal, Karnataka 576104', 0, '', 'https://maps.app.goo.gl/7xt4aFKRigW1Kqgi9'),
(504, 4, 3, 26, 'Bharath Cinemas Padubidri', '4QRF+692 Radha Market City, Padubidri, Karnataka 574111', 8904454040, '', 'https://maps.app.goo.gl/SvzMucxmCyvMo4Mt8'),
(505, 4, 2, 13, 'Cineplex Bharath Cinemas', '2nd Floor, Bharath Mall, Opp. KSRTC Bus Stand, Lalbagh Rd, Bejai, Mangaluru, Karnataka 575004', 9379724040, '', 'https://maps.app.goo.gl/1wYUFt3NtTXpNwn4A'),
(506, 4, 2, 13, 'SUCHITRA PRABHAT A/C 4K RGB LASER 3D DOLBY ATMOS A/c', 'KSR Road, opp. City Center Mall, Hampankatta, Mangaluru, Karnataka 575001', 8242440467, '', 'https://maps.app.goo.gl/YzhLARPCJVnva47w7'),
(507, 4, 2, 13, 'Cine Galaxy', '3rd floor, XQRX+WMM Abish business center, Surathkal, Mangaluru, Karnataka 575014', 0, '', 'https://maps.app.goo.gl/yL2vdSXZK82pj8No6'),
(508, 4, 2, 14, 'Rupavani Talkies', 'Central Market, A S, Martin Pais Rd, opp. Kudla, Bhavathi, Bunder, Mangaluru, Karnataka 575001', 8242423199, '', 'https://maps.app.goo.gl/yV1dJUbZ9jeUN6x87'),
(509, 4, 2, 18, 'Vijayalakshmi Talkies', 'V2PQ+PR9, Bantwal, Karnataka 574211', 0, '', 'https://maps.app.goo.gl/tuMck8D2UfNZCuWq5'),
(510, 4, 2, 14, 'Santosh Cinema Theatre', 'H94V+8R7, Gandhinagar, Sullia, Jattipalla, Karnataka 574239', 0, '', 'https://maps.app.goo.gl/v6k6NMVMQiNF4VjbA'),
(511, 4, 2, 15, 'Bharath Cinemas Puttur', '2nd Floor, GL One Mall, Puttur, Karnataka 574201', 8050253030, '', 'https://maps.app.goo.gl/xSREh6j98ncFiUek8'),
(512, 4, 2, 16, 'BHARATH Talkies', 'Belthangady, Karnataka 574214', 9980789715, '', 'https://maps.app.goo.gl/himDta79SM1goDCj9'),
(513, 3, 1, 3, 'CANARA BANK - KUMTA', 'UTILITY BLDG, CAR ST P B NO.6 KUMTA, Kumta, Karnataka 581343', 18001030, '', 'https://maps.app.goo.gl/qxD3YCw7yVD8Ycuo7'),
(514, 3, 1, 3, 'Axis Bank', 'Sanman/C/512, NH 66, Kumta, Karnataka 581343', 18605005555, '', 'https://maps.app.goo.gl/EiU1p2tZVWt3DvK96'),
(515, 3, 1, 3, 'Karnataka Bank', 'D/721/13, Ist Floor, Ananth Complex, Bastipet, Kumta, Karnataka 581343', 8384226418, '', 'https://maps.app.goo.gl/y7Qw8DKPxvkPbLJn9'),
(516, 3, 1, 3, 'State Bank of India ', 'MAIN BRANCH COURT ROAD KUMTA- UTTARKANNADA DISTRICT 518343, Karnataka 581343', 8386223932, '', 'https://maps.app.goo.gl/AHb2SpnuAmenb94H7'),
(517, 3, 1, 4, 'CANARA BANK ', 'PITRACHAYA BUILDING, TQ, Kadtoka, Honnavar, Karnataka 581338', 18001030, '', 'https://maps.app.goo.gl/ydHrnuHD9vQ8vZDQ9'),
(518, 3, 1, 4, 'Honnavar Urban Cooperative Bank', '7FP4+76C, Prabhat Nagar Road, Honnavar, Karnataka 581334', 0, '', 'https://maps.app.goo.gl/A5C37q6n5yiK3Kiq7'),
(519, 3, 1, 4, 'CENTRAL BANK OF INDIA ', 'SEETARAM COMPLEX, Bazar Road, Honnavar, Karnataka 581334', 8387220435, '', 'https://maps.app.goo.gl/rJc2ivtq3A3XVUVBA'),
(520, 3, 1, 5, 'Bhatkal Urban Co-Operative Bank Ltd', '5FVG+G47, Manki Bansale Rd, Manki, Karnataka 581342', 0, '', 'https://maps.app.goo.gl/bicsBABhD34aTRtT9'),
(521, 3, 1, 5, 'Union Bank', 'XHP4+3HP, Car St, Soosgadi, Bhatkal, Karnataka 581320', 0, '', 'https://maps.app.goo.gl/P11cepvAADj7GZav5'),
(522, 3, 1, 5, 'CANARA BANK', 'Nehru Rd, Soosgadi, Bhatkal, Karnataka 581320', 18001030, '', 'https://maps.app.goo.gl/XoZ6nxVHZZdNubkx7'),
(523, 3, 1, 2, 'CANARA BANK ', 'TALUK PANCHAYAT BUILDING BANK STREET MAIN ROAD ANKOLA, Ankola, Karnataka 581314', 18001030, '', 'https://maps.app.goo.gl/tRDaC2gub8CqKaFj8'),
(524, 3, 1, 2, 'STATE BANK OF INDIA', 'M8C7+5H8, Ajjikatta Rd, Ankola, Karnataka 581314', 0, '', 'https://maps.app.goo.gl/Ffi7dDue5fYzHo8r6'),
(525, 3, 1, 2, 'Union Bank', 'M874+4CM, Karwar Rd, Ankola, Karnataka 581314', 0, '', 'https://maps.app.goo.gl/piw1HGGPq3jFK1W89'),
(526, 3, 1, 1, 'Canara Bank', 'Binaga Ice & Cold Storage Bldg Tehsil, Binaga, Karwar, Karnataka 581307', 9449860332, '', 'https://maps.app.goo.gl/kKfN7Vf6YfWYfP7g7'),
(527, 3, 1, 1, 'Union Bank', 'R49R+CM3, Sonarwada, Karwar, Karnataka 581301', 8382227580, '', 'https://maps.app.goo.gl/zeaUFffow1Y4gA7F8'),
(528, 3, 1, 1, 'Bank Of India', 'R45H+8CC, Green Street, Kodibag, Karwar, Karnataka 581301', 1800220229, '', 'https://maps.app.goo.gl/npDFz6RtZRRyB74B7'),
(529, 3, 1, 6, 'CANARA BANK', 'NO 352 VIDYANAGAR NEAR PANCHYATH OFFICE BISALKOPPA,EKKAMBI POST,SIRSI, TALUK, Sirsi, Karnataka 581358', 18004250018, '', 'https://maps.app.goo.gl/cK7JpMzoiWMBGZR7A'),
(530, 3, 1, 6, 'Bank of India ', 'Kamat Plaza, UPPER GR.FL, TSS Rd, Sirsi, Karnataka 581402', 8384223144, '', 'https://maps.app.goo.gl/5Jji85jzdfiNunGb6'),
(531, 3, 1, 6, 'Syndicate Bank ', 'No 74, Banavasi Rd, Sirsi, Karnataka 581401', 9449860367, '', 'https://maps.app.goo.gl/mFRonHkSJWhdq2Jx8'),
(532, 3, 1, 7, 'CANARA BANK', 'SRI MAHALAXMI BUILDING, Temple Road, Siddapur, Karnataka 581355', 18001030, '', 'https://maps.app.goo.gl/ErJcR261LSZxFRCk8'),
(533, 3, 1, 7, 'KARNATAKA GRAMIN BANK', 'Siddapur, Karnataka 584130', 8533280040, '', 'https://maps.app.goo.gl/F1FaVRNQ6LDAfNFDA'),
(534, 3, 1, 8, 'Karnataka Bank', 'Hebbar Building, Dream Chambers, near Bus Stand, Yellapur, Karnataka 581359', 8419261422, '', 'https://maps.app.goo.gl/v83t3s7dc4toUsKR7'),
(535, 3, 1, 8, 'Canara Bank', 'NO 38 WARD 4 1ST FLR L V MUTT BLDG, Hubli - Karwar Rd, Yellapur, Karnataka 581359', 18001030, '', 'https://maps.app.goo.gl/FbUPkoUf5f43SxHo9'),
(536, 3, 1, 9, 'Canara Bank', 'DREPUNG LOSELING MONASTERY LAMA CAMP, 2, Mundgod, Karnataka 581411', 18001030, '', 'https://maps.app.goo.gl/6ojfHDMQiqBFjsUGA'),
(537, 3, 1, 9, 'State Bank of India', 'X28M+RXF, Mundgod, Karnataka 581349', 1800112211, '', 'https://maps.app.goo.gl/P8HEyk17reQGsjWC7'),
(538, 3, 1, 10, 'State Bank Of India', 'P6XR+Q63, Amdalli, Karnataka 581324', 1800112211, '', 'https://maps.app.goo.gl/HCbeG22BJbyJtB2Q7'),
(539, 3, 1, 10, 'Canara Bank', 'MYSORE POWER CORPN, COLONY, Ambikanagar, Haliyal, Karnataka 581363', 18001030, '', 'https://maps.app.goo.gl/M4zXJxjWRob6RV9a7'),
(540, 3, 1, 11, 'CANARA BANK', 'KPCL COLONY JOIDA TALUK GANESHGUDI, Joida, Karnataka 581365', 18001030, '', 'https://maps.app.goo.gl/DUshVW1EiaTHz8DNA'),
(541, 3, 1, 12, 'Syndicate Bank', 'Naregals Building, J.N Rd, near Central Busstand, Dandeli, Karnataka 581325', 9449860307, '', 'https://maps.app.goo.gl/KvGfL6ZriaEUEP5h7'),
(542, 3, 1, 12, 'HDFC Bank', 'Ground Floor, Plot No 27, J.N Rd, Dandeli, Karnataka 581325', 9426792009, '', 'https://maps.app.goo.gl/FgmHzM44uu4vhP167'),
(543, 3, 2, 13, 'CANARA BANK ', 'S.O MANGALURU, CANARA COLLEGE BUILDING, MG Rd, Kodailbail, Mangaluru, Karnataka 575003', 18001030, '', 'https://maps.app.goo.gl/EJ8gJwi6EtJkeGVS6'),
(544, 3, 2, 13, 'Axis Bank', 'Essel Towers, Bunts Hostel Rd, Circle, Hampankatta, Mangaluru, Karnataka 575003', 18605005555, '', 'https://maps.app.goo.gl/nYXFa12huZQzYtKc8'),
(545, 3, 2, 13, 'State Bank of India', '3rd, Essel Towers, Bunts Hostel Rd, Circle, Hampankatta, Mangaluru, Karnataka 575003', 1800112211, '', 'https://maps.app.goo.gl/cnSWrbrGswYsCHCd9'),
(546, 3, 2, 14, 'CANARA BANK', 'VIII/883, SHREYAS COMPLEX MAIN ROAD SULLIA, Sullia, Karnataka 574239', 18004250018, '', 'https://maps.app.goo.gl/9tH3tZYtZt16nWDq7'),
(547, 3, 2, 14, 'Federal Bank', 'Ganesh Complex Main Road, Sullia, Karnataka 574239', 18004251199, '', 'https://maps.app.goo.gl/XkwivyygJAsTqMqv7'),
(548, 3, 2, 15, 'CANARA BANK', ' Q5JM+GW VIVEKANANDA COLLEGE OF ENGG & TECHNOLOGY CAMPUS, path1, Vivekananda Campus, Nehru Nagar, Puttur, Karnataka 574203', 18001030, '', 'https://maps.app.goo.gl/usqtDGdQJn5BugmBA'),
(549, 3, 2, 15, 'Axis Bank Branch', 'Door No 1/659/A, Mahesh Prasad Puttur Main Road Near Mayura Theatre, Puttur, Karnataka 574201', 18605005555, '', 'https://maps.app.goo.gl/uT2iMqXNVjLwxUh37'),
(550, 3, 2, 16, 'CANARA BANK', 'BADARIA COMPLEX KALIA GERUKATTE, Belthangady, Karnataka 574217', 18001030, '', 'https://maps.app.goo.gl/66VoFviZoVV2ANL19'),
(551, 3, 2, 16, 'State Bank Of India', 'X52P+MWF, Madanthyar, Karnataka 574224', 1800112211, '', 'https://maps.app.goo.gl/JNWFJ2Eyn2oHx3Hw7'),
(552, 3, 2, 17, 'State Bank of India', 'POST BAG.4, MAIN ROAD MOODBIDRI DT:DAKSHINA KANNADA, Karnataka 575227', 8258238481, '', 'https://maps.app.goo.gl/eA2vGjrU9eQAtrfw8'),
(553, 3, 2, 17, 'CANARA BANK', 'DOOR NO. 2,163/1-3 FORTUNE BLDG,KAIKAMBA, Moodbidri Rd, Badagaulipady, Karnataka 574144', 18001030, '', 'https://maps.app.goo.gl/MW5eSBP9zZSF3TtN9'),
(554, 3, 2, 18, 'ICICI Bank', 'ICICI Bank Ltd, Arya Durga Complex, NH 75, near Private Bus Stand, B.C Road, Mangaluru, Bantwal, Karnataka 574219', 18001080, '', 'https://maps.app.goo.gl/QQPioquFbM8uVkiv6'),
(555, 3, 2, 18, 'CANARA BANK', 'MAIN ROAD, Bantwal, Karnataka 574211', 18001030, '', 'https://maps.app.goo.gl/NrFMobGgNp2r4fmr7'),
(556, 3, 2, 19, 'State Bank Of India', '3RF3+8M4, Mulki,, Kilpady, Karnataka', 1800112211, '', 'https://maps.app.goo.gl/JCDEReZHJYYTr3so6'),
(557, 3, 2, 19, 'CANARA BANK', 'NO.16-68/4 B GROUND FLOOR PUNJA BUILDING, Karnad, Mulki, Mangaluru, Karnataka 574154', 18001030, '', 'https://maps.app.goo.gl/xcDxeCiosKJadTmt9'),
(558, 3, 2, 20, 'Union Bank Of India', 'VVMC+5QH, Ramakrishna Complex, Kulshekar-Kaikamba, Padav Maroli, Dakshina Kannada, Mangaluru, Karnataka 575005', 1800222244, '', 'https://maps.app.goo.gl/Levh6hjX4xZnHgff6'),
(559, 3, 2, 21, 'Karnataka Bank', 'DNO S-4, STAR AVENUE, 4TH BLOCK, Katipalla, Mangaluru, Karnataka 57530', 8242229845, '', 'https://maps.app.goo.gl/dLsSsp8pZcF2gqJg6'),
(560, 3, 3, 22, 'CANARA BANK', 'MAIN ROAD, TQ, Udupi, Karnataka 574112', 18001030, '', 'https://maps.app.goo.gl/t2pBQtxS4t9m8scU9'),
(561, 3, 3, 22, 'State Bank Of india', 'SH 67, Shirva, Karnataka 574106', 1800112211, '', 'https://maps.app.goo.gl/CvbhQHY7xaqCYm3N8'),
(562, 3, 3, 23, 'CANARA BANK', 'NARIYA KRIPABLDG MAIN RD VIA KUKKUNDOOR, Nakre Rd, TEH, Karkala, Karnataka 576117', 18001030, '', 'https://maps.app.goo.gl/HkFJxqwWN3BNdzNZ8'),
(563, 3, 3, 23, 'Syndicate Bank', 'A S Road, Karkala, Karnataka 574104', 9449860805, '', 'https://maps.app.goo.gl/h4ESGoj6kPgoGyAQA'),
(564, 3, 3, 24, 'Punjab National Bank', 'DEVASH TOWERS, Agumbe - Udupi Hwy, Okude Layout, Kunjibettu, Udupi, Karnataka 576102', 8202527571, '', 'https://maps.app.goo.gl/obEDhGt9Q8Pw5Vb6A'),
(565, 3, 3, 25, 'CANARA BANK', 'HEBRI, Hebri - Brahmavar Rd, Santhekatte, Karnataka 576215', 18001030, '', 'https://maps.app.goo.gl/N1PjRxnPW13phs8y7'),
(566, 3, 3, 25, 'Udupi Cooperative Town Bank', 'CQHM+MJ6, Hebri - Brahmavar Rd, Kunjal, Chantharu, Karnataka 576213', 0, '', 'https://maps.app.goo.gl/9nu9qomJP9nPvkwR8'),
(567, 3, 3, 26, 'Bank Of Baroda', 'Prabhu Building, Marketshirur, NH66, Udupi, Karnataka 576228', 18005700, '', 'https://maps.app.goo.gl/YoVBmiCLNU2KwcbaA'),
(568, 3, 3, 24, 'Syndicate Bank', 'Main Road Byndoor, Tq, Kundapura, Karnataka 576214', 9449860811, '', 'https://maps.app.goo.gl/7hKzmU29GHJcWRcKA'),
(569, 3, 3, 27, 'Canara bank', 'Priority Highland Campus, Hebri - Brahmavar Rd, Priority 1, Indiacampus, Bramavara, Karnataka 576213', 9449860883, '', 'https://maps.app.goo.gl/yud7HHgotns4kBmp8'),
(570, 3, 3, 27, 'Union Bank', 'CPRR+34X, Service Rd, Bramavara, Karnataka 576213', 0, '', 'https://maps.app.goo.gl/4dSXUUigR3cYqguE7'),
(571, 3, 3, 28, 'Bank Of Baroda', 'Main Road, Dist, Kaup, Udupi, Karnataka 574106', 18005700, '', 'https://maps.app.goo.gl/HbkHLQmjZmKTmTCu8'),
(572, 3, 3, 28, 'Corporation Bank', '6PMW+5VC, Kaup Main Rd, Uliyargoli, Kaup, Karnataka 574106', 18004253555, '', 'https://maps.app.goo.gl/pfWqEAkGWGiaFjbm7'),
(573, 5, 1, 3, 'Taranga Electronics', 'near Kumta Head Post Office, Kumta, Karnataka 581343', 8746991111, '', 'https://maps.app.goo.gl/dywDmfTv1nr8Bh7y7'),
(574, 5, 1, 3, 'Anjana Electronics And Mobiles', 'opp. Kumta Head Post Office, Kumta, Karnataka 581343', 8088423388, '', 'https://maps.app.goo.gl/YdNKoyGsSHjg2ha79'),
(575, 5, 1, 4, 'Bombay Electronics', 'Masjid Rd, Honnavar, Karnataka 581334', 9742565726, '', 'https://maps.app.goo.gl/SsrDuom8UtbXeVC49'),
(576, 5, 1, 4, 'Taranga Electronics', '7CJX+5C9, Honnavar, Karnataka 581334', 0, '', 'https://maps.app.goo.gl/vs4f59y4swhn32c38'),
(577, 5, 1, 1, 'Mahalaxmi Electronics', 'main road, opp. government high school, Kajubagh, Karwar, Karnataka 581301', 9448139877, '', 'https://maps.app.goo.gl/1hAhgAYPvGoMsqR27'),
(578, 5, 1, 1, 'Shreejitronics', ' Shreeji House, Habbuwada, Karwar, Karnataka 581306', 8382226038, '', 'https://g.co/kgs/yDea2Jy'),
(579, 5, 1, 2, 'PREMIER ELECTRONICS', 'Ambarkodla Rd, Ankola, Karnataka 581314', 0, '', 'https://maps.app.goo.gl/ePAfS81Ai2Wgbxkh9'),
(580, 5, 1, 2, 'RAIKAR ELECTRONICS', 'M856+67M, Dr Dinakar Desai Rd, Ankola, Karnataka 581314', 9448576142, '', 'https://maps.app.goo.gl/eF8uiA7vi7inQgMt6'),
(581, 5, 1, 5, 'Pai International Electronics', 'No.66, AL-Touheed Tower, Main Road Jali Cross, opp. Ribco, Nawayath Colony, Bhatkal, Karnataka 581320', 9902020784, '', 'https://maps.app.goo.gl/Htwa46gNmRNsGdLq9'),
(582, 5, 1, 5, 'Shree Harsha', 'Jagate bail cross, NH 66, opposite Steel mart, Venktapura, Bhatkal, Karnataka 581320', 9972731534, '', 'https://maps.app.goo.gl/hL3iUzoHFMQsLvMy6'),
(583, 5, 1, 6, 'Adarsh Electronics', 'Nataraja Rd, Sirsi, Karnataka 581401', 9972952857, '', 'https://maps.app.goo.gl/xmXSyWkDAvVwDJfM8'),
(584, 5, 1, 6, 'Prabhakar Electronics', 'TSS Rd, Sirsi, Karnataka 581402', 8384226237, '', 'https://maps.app.goo.gl/tuSEJaS34Vg79jAq8'),
(585, 5, 1, 7, 'Best Electronics', 'Timmappa Nayak Cir, Ravindra Nagara, Siddapur, Karnataka 581355', 9945925450, '', 'https://maps.app.goo.gl/ogUUnekfggAJv8R97'),
(586, 5, 1, 7, 'Kaveri Electrical Hardware', 'XH4Q+9WM Alur Siddapura, Shanivara Santhe, Karnataka 571235', 9113628995, '', 'https://maps.app.goo.gl/f4TroUWocN1zExRG9'),
(587, 5, 1, 8, 'ASHIRWAD ELECTRICAL', 'WMXV+CCG, Hubli - Karwar Rd, Kalammanagara, Yellapur, Karnataka 581359', 9480141022, '', 'https://maps.app.goo.gl/PmsFaBkKaN3gKA4BA'),
(588, 5, 1, 9, 'Harsha Electronics', 'X2CP+CH8, Mundgod, Karnataka 581349', 9945415485, '', 'https://maps.app.goo.gl/hyXebMHiitgTHWVk8'),
(589, 5, 1, 10, 'Taj Electronics', 'Main Road, Dandeli, Karnataka 590002', 9663142908, '', 'https://maps.app.goo.gl/MMUwm85ZDoYZVnZB9'),
(590, 5, 2, 13, 'Pai International Electronics', 'Kovoor, Bejai - Kapikad Rd, Mangaluru, Karnataka 575004', 9108444777, '', 'https://maps.app.goo.gl/FPgGG96aoPtSqLm68'),
(591, 5, 2, 13, 'Croma Electronics', 'UGF, Mak Mall, Kankanady, Mangaluru, Karnataka 575002', 7899933311, '', 'https://maps.app.goo.gl/2k1A7713oDVELYCK8'),
(592, 5, 2, 14, 'Souza Electronics', 'H96R+W82, Srirampete, Sullia, Jattipalla, Karnataka 574239', 8257231428, '', 'https://maps.app.goo.gl/nDYhRBzYb7P1EFENA'),
(593, 5, 2, 14, 'JS Electronics', 'H94V+6CH, Navoor Rd, Gandhinagar, Sullia, Jattipalla, Karnataka 574239', 0, '', 'https://maps.app.goo.gl/umCreY63frJ7NLDF8'),
(594, 5, 2, 15, 'Harsha Electronics', 'Preethi Arcade, Main Road, Darbe, Puttur, Karnataka 574202', 8251238917, '', 'https://maps.app.goo.gl/2H73JrjPh11GAm4J9'),
(595, 5, 2, 15, 'Balaji Electronics', 'Sri Laxmi Venkataramana Temple Building, Main Road, near M.Sanjeeva Shetty Shop, Puttur, Karnataka 574201', 0, '', 'https://maps.app.goo.gl/3xa9CaRwRNbsK7TT9'),
(596, 5, 2, 16, 'CITY Electronics', 'X7QF+PGH, Mangalore - Belthangady Hwy, Belthangady, Karnataka 574214', 9980074678, '', 'https://maps.app.goo.gl/4e5f4GPWCYWZDa2r8'),
(597, 5, 2, 16, 'Thomson Traders', 'BM, NH75, Nelyadi, Karnataka 574229', 9986798983, '', 'https://maps.app.goo.gl/eCkqAPnavnzBGXaw8'),
(598, 5, 2, 17, 'Tejas Electronics', 'City Light, Iruvail Rd, Mudbidri, Karnataka 574227', 9620382000, '', 'https://maps.app.goo.gl/U8QT6gMU9jf5g6Uf8'),
(599, 5, 2, 17, 'Madhur Electronics', 'Arihant Complex, Main Rd, Mudbidri, Karnataka 574227', 9845863034, '', 'https://maps.app.goo.gl/TUtrVZnBnsc2Bvfq8'),
(600, 5, 3, 22, 'Pai International Electronics', 'Sri Devaraja Tower, 13-33-31, Court Rd, Brahmagiri, Udupi, Karnataka 576101', 9108444777, '', 'https://maps.app.goo.gl/FzGU6K1JgSoyNCEQA'),
(601, 5, 3, 22, 'Electronic Complex', 'Super Bazar, K M Marg Road, Brahmagiri, Udupi, Karnataka 576101', 9972497432, '', 'https://maps.app.goo.gl/297efZ7hPyfaEhNV7'),
(602, 5, 3, 23, 'Sovereign Electronics', 'Main Rd, opposite Mannagopura, Karkala, Karnataka 574104', 9880725977, '', 'https://maps.app.goo.gl/h6zwJFEqM6xSGgkD9'),
(603, 5, 3, 23, 'Shravan Electronics', 'Vajradehi Complex, Market Rd, Karkala, Karnataka 574104', 9900135827, '', 'https://maps.app.goo.gl/Mwr9Yq5bM1SpZa4V8'),
(604, 5, 3, 24, 'Harsha Kundapur', 'Near Dattatreya Temple Main Road, Kundapura, Karnataka 576201', 8254233951, '', 'https://maps.app.goo.gl/HCKEo9meossZPvqp6'),
(605, 5, 3, 24, 'Oasis Electronics', 'JMPQ+6VQ, Kundapura, Karnataka 576201', 9341049092, '', 'https://maps.app.goo.gl/9sUXyrMk8yXWGtjD6'),
(606, 5, 3, 26, 'Amba Electronic shop & Tv centre', 'VJ7H+GH8, Soorkunda Rd, Baindur, Yedthare, Karnataka 576214', 9035035350, '', 'https://maps.app.goo.gl/JobNTkBYBb3kbyJm7');
INSERT INTO `services` (`id`, `category_id`, `district_id`, `taluk_id`, `name`, `address`, `mobile`, `email`, `location`) VALUES
(607, 5, 3, 26, 'KARTHIK ELECTRONICS', 'Cross Allsafa Complex, 77 Byndoor Main Road, Beach Road, near Indian Oil Petrol Bunk, opp. Govt Junior College, Navunda, Udupi, Karnataka 576224', 9663150418, '', 'https://maps.app.goo.gl/DkSRkLwvdU7UD6eu7');

-- --------------------------------------------------------

--
-- Table structure for table `taluk`
--

DROP TABLE IF EXISTS `taluk`;
CREATE TABLE IF NOT EXISTS `taluk` (
  `taluk_id` int NOT NULL AUTO_INCREMENT,
  `taluk_name` varchar(30) NOT NULL,
  `district_id` int NOT NULL,
  PRIMARY KEY (`taluk_id`),
  UNIQUE KEY `taluk_name` (`taluk_name`)
) ENGINE=InnoDB AUTO_INCREMENT=29 DEFAULT CHARSET=utf8mb4 COLLATE=utf8mb4_general_ci;

--
-- Dumping data for table `taluk`
--

INSERT INTO `taluk` (`taluk_id`, `taluk_name`, `district_id`) VALUES
(1, 'Karwar', 1),
(2, 'Ankola', 1),
(3, 'Kumta', 1),
(4, 'Honnavar', 1),
(5, 'Bhatkal', 1),
(6, 'Sirsi', 1),
(7, 'Siddapur', 1),
(8, 'Yellapur', 1),
(9, 'Mundgod', 1),
(10, 'Haliyal', 1),
(11, 'Joida', 1),
(12, 'Dandeli', 1),
(13, 'Mangalore', 2),
(14, 'Sullia', 2),
(15, 'Puttur', 2),
(16, 'Belthangadi', 2),
(17, 'Moodabidri', 2),
(18, 'Bantwal', 2),
(19, 'Mulki', 2),
(20, 'Ullala', 2),
(21, 'Kadaba', 2),
(22, 'Udupi', 3),
(23, 'Karkala', 3),
(24, 'Kundapura', 3),
(25, 'Hebri', 3),
(26, 'Byndoor', 3),
(27, 'Brahmavara', 3),
(28, 'Kaup', 3);
COMMIT;

/*!40101 SET CHARACTER_SET_CLIENT=@OLD_CHARACTER_SET_CLIENT */;
/*!40101 SET CHARACTER_SET_RESULTS=@OLD_CHARACTER_SET_RESULTS */;
/*!40101 SET COLLATION_CONNECTION=@OLD_COLLATION_CONNECTION */;
